Iterasi,Source,Dest,Path,Node,Energi (Volt),Digunakan
1,A,O,A -> B -> E -> H -> K -> M -> O,A,4.199965,Ya
1,A,O,A -> B -> E -> H -> K -> M -> O,B,4.199965,Ya
1,A,O,A -> B -> E -> H -> K -> M -> O,C,4.199965,Ya
1,A,O,A -> B -> E -> H -> K -> M -> O,D,4.199965,Ya
1,A,O,A -> B -> E -> H -> K -> M -> O,E,4.199965,Ya
1,A,O,A -> B -> E -> H -> K -> M -> O,F,4.199965,Ya
1,A,O,A -> B -> E -> H -> K -> M -> O,G,4.199965,Ya
1,A,O,A -> B -> E -> H -> K -> M -> O,H,4.199965,Ya
1,A,O,A -> B -> E -> H -> K -> M -> O,I,4.199965,Ya
1,A,O,A -> B -> E -> H -> K -> M -> O,J,4.199965,Ya
1,A,O,A -> B -> E -> H -> K -> M -> O,K,4.199965,Ya
1,A,O,A -> B -> E -> H -> K -> M -> O,L,4.199965,Ya
1,A,O,A -> B -> E -> H -> K -> M -> O,M,4.199965,Ya
1,A,O,A -> B -> E -> H -> K -> M -> O,N,4.199965,Ya
1,A,O,A -> B -> E -> H -> K -> M -> O,O,4.199965,Ya
2,A,O,A -> B -> E -> H -> K -> M -> O,A,4.19993,Ya
2,A,O,A -> B -> E -> H -> K -> M -> O,B,4.19993,Ya
2,A,O,A -> B -> E -> H -> K -> M -> O,C,4.19993,Ya
2,A,O,A -> B -> E -> H -> K -> M -> O,D,4.19993,Ya
2,A,O,A -> B -> E -> H -> K -> M -> O,E,4.19993,Ya
2,A,O,A -> B -> E -> H -> K -> M -> O,F,4.19993,Ya
2,A,O,A -> B -> E -> H -> K -> M -> O,G,4.19993,Ya
2,A,O,A -> B -> E -> H -> K -> M -> O,H,4.19993,Ya
2,A,O,A -> B -> E -> H -> K -> M -> O,I,4.19993,Ya
2,A,O,A -> B -> E -> H -> K -> M -> O,J,4.19993,Ya
2,A,O,A -> B -> E -> H -> K -> M -> O,K,4.19993,Ya
2,A,O,A -> B -> E -> H -> K -> M -> O,L,4.19993,Ya
2,A,O,A -> B -> E -> H -> K -> M -> O,M,4.19993,Ya
2,A,O,A -> B -> E -> H -> K -> M -> O,N,4.19993,Ya
2,A,O,A -> B -> E -> H -> K -> M -> O,O,4.19993,Ya
3,A,O,A -> B -> E -> H -> K -> M -> O,A,4.199895,Ya
3,A,O,A -> B -> E -> H -> K -> M -> O,B,4.199895,Ya
3,A,O,A -> B -> E -> H -> K -> M -> O,C,4.199895,Ya
3,A,O,A -> B -> E -> H -> K -> M -> O,D,4.199895,Ya
3,A,O,A -> B -> E -> H -> K -> M -> O,E,4.199895,Ya
3,A,O,A -> B -> E -> H -> K -> M -> O,F,4.199895,Ya
3,A,O,A -> B -> E -> H -> K -> M -> O,G,4.199895,Ya
3,A,O,A -> B -> E -> H -> K -> M -> O,H,4.199895,Ya
3,A,O,A -> B -> E -> H -> K -> M -> O,I,4.199895,Ya
3,A,O,A -> B -> E -> H -> K -> M -> O,J,4.199895,Ya
3,A,O,A -> B -> E -> H -> K -> M -> O,K,4.199895,Ya
3,A,O,A -> B -> E -> H -> K -> M -> O,L,4.199895,Ya
3,A,O,A -> B -> E -> H -> K -> M -> O,M,4.199895,Ya
3,A,O,A -> B -> E -> H -> K -> M -> O,N,4.199895,Ya
3,A,O,A -> B -> E -> H -> K -> M -> O,O,4.199895,Ya
4,A,O,A -> B -> E -> H -> K -> M -> O,A,4.19986,Ya
4,A,O,A -> B -> E -> H -> K -> M -> O,B,4.19986,Ya
4,A,O,A -> B -> E -> H -> K -> M -> O,C,4.19986,Ya
4,A,O,A -> B -> E -> H -> K -> M -> O,D,4.19986,Ya
4,A,O,A -> B -> E -> H -> K -> M -> O,E,4.19986,Ya
4,A,O,A -> B -> E -> H -> K -> M -> O,F,4.19986,Ya
4,A,O,A -> B -> E -> H -> K -> M -> O,G,4.19986,Ya
4,A,O,A -> B -> E -> H -> K -> M -> O,H,4.19986,Ya
4,A,O,A -> B -> E -> H -> K -> M -> O,I,4.19986,Ya
4,A,O,A -> B -> E -> H -> K -> M -> O,J,4.19986,Ya
4,A,O,A -> B -> E -> H -> K -> M -> O,K,4.19986,Ya
4,A,O,A -> B -> E -> H -> K -> M -> O,L,4.19986,Ya
4,A,O,A -> B -> E -> H -> K -> M -> O,M,4.19986,Ya
4,A,O,A -> B -> E -> H -> K -> M -> O,N,4.19986,Ya
4,A,O,A -> B -> E -> H -> K -> M -> O,O,4.19986,Ya
5,A,O,A -> B -> E -> H -> K -> M -> O,A,4.199825,Ya
5,A,O,A -> B -> E -> H -> K -> M -> O,B,4.199825,Ya
5,A,O,A -> B -> E -> H -> K -> M -> O,C,4.199825,Ya
5,A,O,A -> B -> E -> H -> K -> M -> O,D,4.199825,Ya
5,A,O,A -> B -> E -> H -> K -> M -> O,E,4.199825,Ya
5,A,O,A -> B -> E -> H -> K -> M -> O,F,4.199825,Ya
5,A,O,A -> B -> E -> H -> K -> M -> O,G,4.199825,Ya
5,A,O,A -> B -> E -> H -> K -> M -> O,H,4.199825,Ya
5,A,O,A -> B -> E -> H -> K -> M -> O,I,4.199825,Ya
5,A,O,A -> B -> E -> H -> K -> M -> O,J,4.199825,Ya
5,A,O,A -> B -> E -> H -> K -> M -> O,K,4.199825,Ya
5,A,O,A -> B -> E -> H -> K -> M -> O,L,4.199825,Ya
5,A,O,A -> B -> E -> H -> K -> M -> O,M,4.199825,Ya
5,A,O,A -> B -> E -> H -> K -> M -> O,N,4.199825,Ya
5,A,O,A -> B -> E -> H -> K -> M -> O,O,4.199825,Ya
6,A,O,A -> B -> E -> H -> K -> M -> O,A,4.19979,Ya
6,A,O,A -> B -> E -> H -> K -> M -> O,B,4.19979,Ya
6,A,O,A -> B -> E -> H -> K -> M -> O,C,4.19979,Ya
6,A,O,A -> B -> E -> H -> K -> M -> O,D,4.19979,Ya
6,A,O,A -> B -> E -> H -> K -> M -> O,E,4.19979,Ya
6,A,O,A -> B -> E -> H -> K -> M -> O,F,4.19979,Ya
6,A,O,A -> B -> E -> H -> K -> M -> O,G,4.19979,Ya
6,A,O,A -> B -> E -> H -> K -> M -> O,H,4.19979,Ya
6,A,O,A -> B -> E -> H -> K -> M -> O,I,4.19979,Ya
6,A,O,A -> B -> E -> H -> K -> M -> O,J,4.19979,Ya
6,A,O,A -> B -> E -> H -> K -> M -> O,K,4.19979,Ya
6,A,O,A -> B -> E -> H -> K -> M -> O,L,4.19979,Ya
6,A,O,A -> B -> E -> H -> K -> M -> O,M,4.19979,Ya
6,A,O,A -> B -> E -> H -> K -> M -> O,N,4.19979,Ya
6,A,O,A -> B -> E -> H -> K -> M -> O,O,4.19979,Ya
7,A,O,A -> B -> E -> H -> K -> M -> O,A,4.199755,Ya
7,A,O,A -> B -> E -> H -> K -> M -> O,B,4.199755,Ya
7,A,O,A -> B -> E -> H -> K -> M -> O,C,4.199755,Ya
7,A,O,A -> B -> E -> H -> K -> M -> O,D,4.199755,Ya
7,A,O,A -> B -> E -> H -> K -> M -> O,E,4.199755,Ya
7,A,O,A -> B -> E -> H -> K -> M -> O,F,4.199755,Ya
7,A,O,A -> B -> E -> H -> K -> M -> O,G,4.199755,Ya
7,A,O,A -> B -> E -> H -> K -> M -> O,H,4.199755,Ya
7,A,O,A -> B -> E -> H -> K -> M -> O,I,4.199755,Ya
7,A,O,A -> B -> E -> H -> K -> M -> O,J,4.199755,Ya
7,A,O,A -> B -> E -> H -> K -> M -> O,K,4.199755,Ya
7,A,O,A -> B -> E -> H -> K -> M -> O,L,4.199755,Ya
7,A,O,A -> B -> E -> H -> K -> M -> O,M,4.199755,Ya
7,A,O,A -> B -> E -> H -> K -> M -> O,N,4.199755,Ya
7,A,O,A -> B -> E -> H -> K -> M -> O,O,4.199755,Ya
8,A,O,A -> B -> E -> H -> K -> M -> O,A,4.19972,Ya
8,A,O,A -> B -> E -> H -> K -> M -> O,B,4.19972,Ya
8,A,O,A -> B -> E -> H -> K -> M -> O,C,4.19972,Ya
8,A,O,A -> B -> E -> H -> K -> M -> O,D,4.19972,Ya
8,A,O,A -> B -> E -> H -> K -> M -> O,E,4.19972,Ya
8,A,O,A -> B -> E -> H -> K -> M -> O,F,4.19972,Ya
8,A,O,A -> B -> E -> H -> K -> M -> O,G,4.19972,Ya
8,A,O,A -> B -> E -> H -> K -> M -> O,H,4.19972,Ya
8,A,O,A -> B -> E -> H -> K -> M -> O,I,4.19972,Ya
8,A,O,A -> B -> E -> H -> K -> M -> O,J,4.19972,Ya
8,A,O,A -> B -> E -> H -> K -> M -> O,K,4.19972,Ya
8,A,O,A -> B -> E -> H -> K -> M -> O,L,4.19972,Ya
8,A,O,A -> B -> E -> H -> K -> M -> O,M,4.19972,Ya
8,A,O,A -> B -> E -> H -> K -> M -> O,N,4.19972,Ya
8,A,O,A -> B -> E -> H -> K -> M -> O,O,4.19972,Ya
9,A,O,A -> B -> E -> H -> K -> M -> O,A,4.199685,Ya
9,A,O,A -> B -> E -> H -> K -> M -> O,B,4.199685,Ya
9,A,O,A -> B -> E -> H -> K -> M -> O,C,4.199685,Ya
9,A,O,A -> B -> E -> H -> K -> M -> O,D,4.199685,Ya
9,A,O,A -> B -> E -> H -> K -> M -> O,E,4.199685,Ya
9,A,O,A -> B -> E -> H -> K -> M -> O,F,4.199685,Ya
9,A,O,A -> B -> E -> H -> K -> M -> O,G,4.199685,Ya
9,A,O,A -> B -> E -> H -> K -> M -> O,H,4.199685,Ya
9,A,O,A -> B -> E -> H -> K -> M -> O,I,4.199685,Ya
9,A,O,A -> B -> E -> H -> K -> M -> O,J,4.199685,Ya
9,A,O,A -> B -> E -> H -> K -> M -> O,K,4.199685,Ya
9,A,O,A -> B -> E -> H -> K -> M -> O,L,4.199685,Ya
9,A,O,A -> B -> E -> H -> K -> M -> O,M,4.199685,Ya
9,A,O,A -> B -> E -> H -> K -> M -> O,N,4.199685,Ya
9,A,O,A -> B -> E -> H -> K -> M -> O,O,4.199685,Ya
10,A,O,A -> B -> E -> H -> K -> M -> O,A,4.19965,Ya
10,A,O,A -> B -> E -> H -> K -> M -> O,B,4.19965,Ya
10,A,O,A -> B -> E -> H -> K -> M -> O,C,4.19965,Ya
10,A,O,A -> B -> E -> H -> K -> M -> O,D,4.19965,Ya
10,A,O,A -> B -> E -> H -> K -> M -> O,E,4.19965,Ya
10,A,O,A -> B -> E -> H -> K -> M -> O,F,4.19965,Ya
10,A,O,A -> B -> E -> H -> K -> M -> O,G,4.19965,Ya
10,A,O,A -> B -> E -> H -> K -> M -> O,H,4.19965,Ya
10,A,O,A -> B -> E -> H -> K -> M -> O,I,4.19965,Ya
10,A,O,A -> B -> E -> H -> K -> M -> O,J,4.19965,Ya
10,A,O,A -> B -> E -> H -> K -> M -> O,K,4.19965,Ya
10,A,O,A -> B -> E -> H -> K -> M -> O,L,4.19965,Ya
10,A,O,A -> B -> E -> H -> K -> M -> O,M,4.19965,Ya
10,A,O,A -> B -> E -> H -> K -> M -> O,N,4.19965,Ya
10,A,O,A -> B -> E -> H -> K -> M -> O,O,4.19965,Ya
11,A,O,A -> B -> E -> H -> K -> M -> O,A,4.199615,Ya
11,A,O,A -> B -> E -> H -> K -> M -> O,B,4.199615,Ya
11,A,O,A -> B -> E -> H -> K -> M -> O,C,4.199615,Ya
11,A,O,A -> B -> E -> H -> K -> M -> O,D,4.199615,Ya
11,A,O,A -> B -> E -> H -> K -> M -> O,E,4.199615,Ya
11,A,O,A -> B -> E -> H -> K -> M -> O,F,4.199615,Ya
11,A,O,A -> B -> E -> H -> K -> M -> O,G,4.199615,Ya
11,A,O,A -> B -> E -> H -> K -> M -> O,H,4.199615,Ya
11,A,O,A -> B -> E -> H -> K -> M -> O,I,4.199615,Ya
11,A,O,A -> B -> E -> H -> K -> M -> O,J,4.199615,Ya
11,A,O,A -> B -> E -> H -> K -> M -> O,K,4.199615,Ya
11,A,O,A -> B -> E -> H -> K -> M -> O,L,4.199615,Ya
11,A,O,A -> B -> E -> H -> K -> M -> O,M,4.199615,Ya
11,A,O,A -> B -> E -> H -> K -> M -> O,N,4.199615,Ya
11,A,O,A -> B -> E -> H -> K -> M -> O,O,4.199615,Ya
12,A,O,A -> B -> E -> H -> K -> M -> O,A,4.19958,Ya
12,A,O,A -> B -> E -> H -> K -> M -> O,B,4.19958,Ya
12,A,O,A -> B -> E -> H -> K -> M -> O,C,4.19958,Ya
12,A,O,A -> B -> E -> H -> K -> M -> O,D,4.19958,Ya
12,A,O,A -> B -> E -> H -> K -> M -> O,E,4.19958,Ya
12,A,O,A -> B -> E -> H -> K -> M -> O,F,4.19958,Ya
12,A,O,A -> B -> E -> H -> K -> M -> O,G,4.19958,Ya
12,A,O,A -> B -> E -> H -> K -> M -> O,H,4.19958,Ya
12,A,O,A -> B -> E -> H -> K -> M -> O,I,4.19958,Ya
12,A,O,A -> B -> E -> H -> K -> M -> O,J,4.19958,Ya
12,A,O,A -> B -> E -> H -> K -> M -> O,K,4.19958,Ya
12,A,O,A -> B -> E -> H -> K -> M -> O,L,4.19958,Ya
12,A,O,A -> B -> E -> H -> K -> M -> O,M,4.19958,Ya
12,A,O,A -> B -> E -> H -> K -> M -> O,N,4.19958,Ya
12,A,O,A -> B -> E -> H -> K -> M -> O,O,4.19958,Ya
13,A,O,A -> B -> E -> H -> K -> M -> O,A,4.199545,Ya
13,A,O,A -> B -> E -> H -> K -> M -> O,B,4.199545,Ya
13,A,O,A -> B -> E -> H -> K -> M -> O,C,4.199545,Ya
13,A,O,A -> B -> E -> H -> K -> M -> O,D,4.199545,Ya
13,A,O,A -> B -> E -> H -> K -> M -> O,E,4.199545,Ya
13,A,O,A -> B -> E -> H -> K -> M -> O,F,4.199545,Ya
13,A,O,A -> B -> E -> H -> K -> M -> O,G,4.199545,Ya
13,A,O,A -> B -> E -> H -> K -> M -> O,H,4.199545,Ya
13,A,O,A -> B -> E -> H -> K -> M -> O,I,4.199545,Ya
13,A,O,A -> B -> E -> H -> K -> M -> O,J,4.199545,Ya
13,A,O,A -> B -> E -> H -> K -> M -> O,K,4.199545,Ya
13,A,O,A -> B -> E -> H -> K -> M -> O,L,4.199545,Ya
13,A,O,A -> B -> E -> H -> K -> M -> O,M,4.199545,Ya
13,A,O,A -> B -> E -> H -> K -> M -> O,N,4.199545,Ya
13,A,O,A -> B -> E -> H -> K -> M -> O,O,4.199545,Ya
14,A,O,A -> B -> E -> H -> K -> M -> O,A,4.19951,Ya
14,A,O,A -> B -> E -> H -> K -> M -> O,B,4.19951,Ya
14,A,O,A -> B -> E -> H -> K -> M -> O,C,4.19951,Ya
14,A,O,A -> B -> E -> H -> K -> M -> O,D,4.19951,Ya
14,A,O,A -> B -> E -> H -> K -> M -> O,E,4.19951,Ya
14,A,O,A -> B -> E -> H -> K -> M -> O,F,4.19951,Ya
14,A,O,A -> B -> E -> H -> K -> M -> O,G,4.19951,Ya
14,A,O,A -> B -> E -> H -> K -> M -> O,H,4.19951,Ya
14,A,O,A -> B -> E -> H -> K -> M -> O,I,4.19951,Ya
14,A,O,A -> B -> E -> H -> K -> M -> O,J,4.19951,Ya
14,A,O,A -> B -> E -> H -> K -> M -> O,K,4.19951,Ya
14,A,O,A -> B -> E -> H -> K -> M -> O,L,4.19951,Ya
14,A,O,A -> B -> E -> H -> K -> M -> O,M,4.19951,Ya
14,A,O,A -> B -> E -> H -> K -> M -> O,N,4.19951,Ya
14,A,O,A -> B -> E -> H -> K -> M -> O,O,4.19951,Ya
15,A,O,A -> B -> E -> H -> K -> M -> O,A,4.199476,Ya
15,A,O,A -> B -> E -> H -> K -> M -> O,B,4.199476,Ya
15,A,O,A -> B -> E -> H -> K -> M -> O,C,4.199476,Ya
15,A,O,A -> B -> E -> H -> K -> M -> O,D,4.199476,Ya
15,A,O,A -> B -> E -> H -> K -> M -> O,E,4.199476,Ya
15,A,O,A -> B -> E -> H -> K -> M -> O,F,4.199476,Ya
15,A,O,A -> B -> E -> H -> K -> M -> O,G,4.199476,Ya
15,A,O,A -> B -> E -> H -> K -> M -> O,H,4.199476,Ya
15,A,O,A -> B -> E -> H -> K -> M -> O,I,4.199476,Ya
15,A,O,A -> B -> E -> H -> K -> M -> O,J,4.199476,Ya
15,A,O,A -> B -> E -> H -> K -> M -> O,K,4.199476,Ya
15,A,O,A -> B -> E -> H -> K -> M -> O,L,4.199476,Ya
15,A,O,A -> B -> E -> H -> K -> M -> O,M,4.199476,Ya
15,A,O,A -> B -> E -> H -> K -> M -> O,N,4.199476,Ya
15,A,O,A -> B -> E -> H -> K -> M -> O,O,4.199476,Ya
16,A,O,A -> B -> E -> H -> K -> M -> O,A,4.199441,Ya
16,A,O,A -> B -> E -> H -> K -> M -> O,B,4.199441,Ya
16,A,O,A -> B -> E -> H -> K -> M -> O,C,4.199441,Ya
16,A,O,A -> B -> E -> H -> K -> M -> O,D,4.199441,Ya
16,A,O,A -> B -> E -> H -> K -> M -> O,E,4.199441,Ya
16,A,O,A -> B -> E -> H -> K -> M -> O,F,4.199441,Ya
16,A,O,A -> B -> E -> H -> K -> M -> O,G,4.199441,Ya
16,A,O,A -> B -> E -> H -> K -> M -> O,H,4.199441,Ya
16,A,O,A -> B -> E -> H -> K -> M -> O,I,4.199441,Ya
16,A,O,A -> B -> E -> H -> K -> M -> O,J,4.199441,Ya
16,A,O,A -> B -> E -> H -> K -> M -> O,K,4.199441,Ya
16,A,O,A -> B -> E -> H -> K -> M -> O,L,4.199441,Ya
16,A,O,A -> B -> E -> H -> K -> M -> O,M,4.199441,Ya
16,A,O,A -> B -> E -> H -> K -> M -> O,N,4.199441,Ya
16,A,O,A -> B -> E -> H -> K -> M -> O,O,4.199441,Ya
17,A,O,A -> B -> E -> H -> K -> M -> O,A,4.199406,Ya
17,A,O,A -> B -> E -> H -> K -> M -> O,B,4.199406,Ya
17,A,O,A -> B -> E -> H -> K -> M -> O,C,4.199406,Ya
17,A,O,A -> B -> E -> H -> K -> M -> O,D,4.199406,Ya
17,A,O,A -> B -> E -> H -> K -> M -> O,E,4.199406,Ya
17,A,O,A -> B -> E -> H -> K -> M -> O,F,4.199406,Ya
17,A,O,A -> B -> E -> H -> K -> M -> O,G,4.199406,Ya
17,A,O,A -> B -> E -> H -> K -> M -> O,H,4.199406,Ya
17,A,O,A -> B -> E -> H -> K -> M -> O,I,4.199406,Ya
17,A,O,A -> B -> E -> H -> K -> M -> O,J,4.199406,Ya
17,A,O,A -> B -> E -> H -> K -> M -> O,K,4.199406,Ya
17,A,O,A -> B -> E -> H -> K -> M -> O,L,4.199406,Ya
17,A,O,A -> B -> E -> H -> K -> M -> O,M,4.199406,Ya
17,A,O,A -> B -> E -> H -> K -> M -> O,N,4.199406,Ya
17,A,O,A -> B -> E -> H -> K -> M -> O,O,4.199406,Ya
18,A,O,A -> B -> E -> H -> K -> M -> O,A,4.199371,Ya
18,A,O,A -> B -> E -> H -> K -> M -> O,B,4.199371,Ya
18,A,O,A -> B -> E -> H -> K -> M -> O,C,4.199371,Ya
18,A,O,A -> B -> E -> H -> K -> M -> O,D,4.199371,Ya
18,A,O,A -> B -> E -> H -> K -> M -> O,E,4.199371,Ya
18,A,O,A -> B -> E -> H -> K -> M -> O,F,4.199371,Ya
18,A,O,A -> B -> E -> H -> K -> M -> O,G,4.199371,Ya
18,A,O,A -> B -> E -> H -> K -> M -> O,H,4.199371,Ya
18,A,O,A -> B -> E -> H -> K -> M -> O,I,4.199371,Ya
18,A,O,A -> B -> E -> H -> K -> M -> O,J,4.199371,Ya
18,A,O,A -> B -> E -> H -> K -> M -> O,K,4.199371,Ya
18,A,O,A -> B -> E -> H -> K -> M -> O,L,4.199371,Ya
18,A,O,A -> B -> E -> H -> K -> M -> O,M,4.199371,Ya
18,A,O,A -> B -> E -> H -> K -> M -> O,N,4.199371,Ya
18,A,O,A -> B -> E -> H -> K -> M -> O,O,4.199371,Ya
19,A,O,A -> B -> E -> H -> K -> M -> O,A,4.199336,Ya
19,A,O,A -> B -> E -> H -> K -> M -> O,B,4.199336,Ya
19,A,O,A -> B -> E -> H -> K -> M -> O,C,4.199336,Ya
19,A,O,A -> B -> E -> H -> K -> M -> O,D,4.199336,Ya
19,A,O,A -> B -> E -> H -> K -> M -> O,E,4.199336,Ya
19,A,O,A -> B -> E -> H -> K -> M -> O,F,4.199336,Ya
19,A,O,A -> B -> E -> H -> K -> M -> O,G,4.199336,Ya
19,A,O,A -> B -> E -> H -> K -> M -> O,H,4.199336,Ya
19,A,O,A -> B -> E -> H -> K -> M -> O,I,4.199336,Ya
19,A,O,A -> B -> E -> H -> K -> M -> O,J,4.199336,Ya
19,A,O,A -> B -> E -> H -> K -> M -> O,K,4.199336,Ya
19,A,O,A -> B -> E -> H -> K -> M -> O,L,4.199336,Ya
19,A,O,A -> B -> E -> H -> K -> M -> O,M,4.199336,Ya
19,A,O,A -> B -> E -> H -> K -> M -> O,N,4.199336,Ya
19,A,O,A -> B -> E -> H -> K -> M -> O,O,4.199336,Ya
20,A,O,A -> B -> E -> H -> K -> M -> O,A,4.199301,Ya
20,A,O,A -> B -> E -> H -> K -> M -> O,B,4.199301,Ya
20,A,O,A -> B -> E -> H -> K -> M -> O,C,4.199301,Ya
20,A,O,A -> B -> E -> H -> K -> M -> O,D,4.199301,Ya
20,A,O,A -> B -> E -> H -> K -> M -> O,E,4.199301,Ya
20,A,O,A -> B -> E -> H -> K -> M -> O,F,4.199301,Ya
20,A,O,A -> B -> E -> H -> K -> M -> O,G,4.199301,Ya
20,A,O,A -> B -> E -> H -> K -> M -> O,H,4.199301,Ya
20,A,O,A -> B -> E -> H -> K -> M -> O,I,4.199301,Ya
20,A,O,A -> B -> E -> H -> K -> M -> O,J,4.199301,Ya
20,A,O,A -> B -> E -> H -> K -> M -> O,K,4.199301,Ya
20,A,O,A -> B -> E -> H -> K -> M -> O,L,4.199301,Ya
20,A,O,A -> B -> E -> H -> K -> M -> O,M,4.199301,Ya
20,A,O,A -> B -> E -> H -> K -> M -> O,N,4.199301,Ya
20,A,O,A -> B -> E -> H -> K -> M -> O,O,4.199301,Ya
21,A,O,A -> B -> E -> H -> K -> M -> O,A,4.199266,Ya
21,A,O,A -> B -> E -> H -> K -> M -> O,B,4.199266,Ya
21,A,O,A -> B -> E -> H -> K -> M -> O,C,4.199266,Ya
21,A,O,A -> B -> E -> H -> K -> M -> O,D,4.199266,Ya
21,A,O,A -> B -> E -> H -> K -> M -> O,E,4.199266,Ya
21,A,O,A -> B -> E -> H -> K -> M -> O,F,4.199266,Ya
21,A,O,A -> B -> E -> H -> K -> M -> O,G,4.199266,Ya
21,A,O,A -> B -> E -> H -> K -> M -> O,H,4.199266,Ya
21,A,O,A -> B -> E -> H -> K -> M -> O,I,4.199266,Ya
21,A,O,A -> B -> E -> H -> K -> M -> O,J,4.199266,Ya
21,A,O,A -> B -> E -> H -> K -> M -> O,K,4.199266,Ya
21,A,O,A -> B -> E -> H -> K -> M -> O,L,4.199266,Ya
21,A,O,A -> B -> E -> H -> K -> M -> O,M,4.199266,Ya
21,A,O,A -> B -> E -> H -> K -> M -> O,N,4.199266,Ya
21,A,O,A -> B -> E -> H -> K -> M -> O,O,4.199266,Ya
22,A,O,A -> B -> E -> H -> K -> M -> O,A,4.199231,Ya
22,A,O,A -> B -> E -> H -> K -> M -> O,B,4.199231,Ya
22,A,O,A -> B -> E -> H -> K -> M -> O,C,4.199231,Ya
22,A,O,A -> B -> E -> H -> K -> M -> O,D,4.199231,Ya
22,A,O,A -> B -> E -> H -> K -> M -> O,E,4.199231,Ya
22,A,O,A -> B -> E -> H -> K -> M -> O,F,4.199231,Ya
22,A,O,A -> B -> E -> H -> K -> M -> O,G,4.199231,Ya
22,A,O,A -> B -> E -> H -> K -> M -> O,H,4.199231,Ya
22,A,O,A -> B -> E -> H -> K -> M -> O,I,4.199231,Ya
22,A,O,A -> B -> E -> H -> K -> M -> O,J,4.199231,Ya
22,A,O,A -> B -> E -> H -> K -> M -> O,K,4.199231,Ya
22,A,O,A -> B -> E -> H -> K -> M -> O,L,4.199231,Ya
22,A,O,A -> B -> E -> H -> K -> M -> O,M,4.199231,Ya
22,A,O,A -> B -> E -> H -> K -> M -> O,N,4.199231,Ya
22,A,O,A -> B -> E -> H -> K -> M -> O,O,4.199231,Ya
23,A,O,A -> B -> E -> H -> K -> M -> O,A,4.199196,Ya
23,A,O,A -> B -> E -> H -> K -> M -> O,B,4.199196,Ya
23,A,O,A -> B -> E -> H -> K -> M -> O,C,4.199196,Ya
23,A,O,A -> B -> E -> H -> K -> M -> O,D,4.199196,Ya
23,A,O,A -> B -> E -> H -> K -> M -> O,E,4.199196,Ya
23,A,O,A -> B -> E -> H -> K -> M -> O,F,4.199196,Ya
23,A,O,A -> B -> E -> H -> K -> M -> O,G,4.199196,Ya
23,A,O,A -> B -> E -> H -> K -> M -> O,H,4.199196,Ya
23,A,O,A -> B -> E -> H -> K -> M -> O,I,4.199196,Ya
23,A,O,A -> B -> E -> H -> K -> M -> O,J,4.199196,Ya
23,A,O,A -> B -> E -> H -> K -> M -> O,K,4.199196,Ya
23,A,O,A -> B -> E -> H -> K -> M -> O,L,4.199196,Ya
23,A,O,A -> B -> E -> H -> K -> M -> O,M,4.199196,Ya
23,A,O,A -> B -> E -> H -> K -> M -> O,N,4.199196,Ya
23,A,O,A -> B -> E -> H -> K -> M -> O,O,4.199196,Ya
24,A,O,A -> B -> E -> H -> K -> M -> O,A,4.199161,Ya
24,A,O,A -> B -> E -> H -> K -> M -> O,B,4.199161,Ya
24,A,O,A -> B -> E -> H -> K -> M -> O,C,4.199161,Ya
24,A,O,A -> B -> E -> H -> K -> M -> O,D,4.199161,Ya
24,A,O,A -> B -> E -> H -> K -> M -> O,E,4.199161,Ya
24,A,O,A -> B -> E -> H -> K -> M -> O,F,4.199161,Ya
24,A,O,A -> B -> E -> H -> K -> M -> O,G,4.199161,Ya
24,A,O,A -> B -> E -> H -> K -> M -> O,H,4.199161,Ya
24,A,O,A -> B -> E -> H -> K -> M -> O,I,4.199161,Ya
24,A,O,A -> B -> E -> H -> K -> M -> O,J,4.199161,Ya
24,A,O,A -> B -> E -> H -> K -> M -> O,K,4.199161,Ya
24,A,O,A -> B -> E -> H -> K -> M -> O,L,4.199161,Ya
24,A,O,A -> B -> E -> H -> K -> M -> O,M,4.199161,Ya
24,A,O,A -> B -> E -> H -> K -> M -> O,N,4.199161,Ya
24,A,O,A -> B -> E -> H -> K -> M -> O,O,4.199161,Ya
25,A,O,A -> B -> E -> H -> K -> M -> O,A,4.199126,Ya
25,A,O,A -> B -> E -> H -> K -> M -> O,B,4.199126,Ya
25,A,O,A -> B -> E -> H -> K -> M -> O,C,4.199126,Ya
25,A,O,A -> B -> E -> H -> K -> M -> O,D,4.199126,Ya
25,A,O,A -> B -> E -> H -> K -> M -> O,E,4.199126,Ya
25,A,O,A -> B -> E -> H -> K -> M -> O,F,4.199126,Ya
25,A,O,A -> B -> E -> H -> K -> M -> O,G,4.199126,Ya
25,A,O,A -> B -> E -> H -> K -> M -> O,H,4.199126,Ya
25,A,O,A -> B -> E -> H -> K -> M -> O,I,4.199126,Ya
25,A,O,A -> B -> E -> H -> K -> M -> O,J,4.199126,Ya
25,A,O,A -> B -> E -> H -> K -> M -> O,K,4.199126,Ya
25,A,O,A -> B -> E -> H -> K -> M -> O,L,4.199126,Ya
25,A,O,A -> B -> E -> H -> K -> M -> O,M,4.199126,Ya
25,A,O,A -> B -> E -> H -> K -> M -> O,N,4.199126,Ya
25,A,O,A -> B -> E -> H -> K -> M -> O,O,4.199126,Ya
26,A,O,A -> B -> E -> H -> K -> M -> O,A,4.199091,Ya
26,A,O,A -> B -> E -> H -> K -> M -> O,B,4.199091,Ya
26,A,O,A -> B -> E -> H -> K -> M -> O,C,4.199091,Ya
26,A,O,A -> B -> E -> H -> K -> M -> O,D,4.199091,Ya
26,A,O,A -> B -> E -> H -> K -> M -> O,E,4.199091,Ya
26,A,O,A -> B -> E -> H -> K -> M -> O,F,4.199091,Ya
26,A,O,A -> B -> E -> H -> K -> M -> O,G,4.199091,Ya
26,A,O,A -> B -> E -> H -> K -> M -> O,H,4.199091,Ya
26,A,O,A -> B -> E -> H -> K -> M -> O,I,4.199091,Ya
26,A,O,A -> B -> E -> H -> K -> M -> O,J,4.199091,Ya
26,A,O,A -> B -> E -> H -> K -> M -> O,K,4.199091,Ya
26,A,O,A -> B -> E -> H -> K -> M -> O,L,4.199091,Ya
26,A,O,A -> B -> E -> H -> K -> M -> O,M,4.199091,Ya
26,A,O,A -> B -> E -> H -> K -> M -> O,N,4.199091,Ya
26,A,O,A -> B -> E -> H -> K -> M -> O,O,4.199091,Ya
27,A,O,A -> B -> E -> H -> K -> M -> O,A,4.199056,Ya
27,A,O,A -> B -> E -> H -> K -> M -> O,B,4.199056,Ya
27,A,O,A -> B -> E -> H -> K -> M -> O,C,4.199056,Ya
27,A,O,A -> B -> E -> H -> K -> M -> O,D,4.199056,Ya
27,A,O,A -> B -> E -> H -> K -> M -> O,E,4.199056,Ya
27,A,O,A -> B -> E -> H -> K -> M -> O,F,4.199056,Ya
27,A,O,A -> B -> E -> H -> K -> M -> O,G,4.199056,Ya
27,A,O,A -> B -> E -> H -> K -> M -> O,H,4.199056,Ya
27,A,O,A -> B -> E -> H -> K -> M -> O,I,4.199056,Ya
27,A,O,A -> B -> E -> H -> K -> M -> O,J,4.199056,Ya
27,A,O,A -> B -> E -> H -> K -> M -> O,K,4.199056,Ya
27,A,O,A -> B -> E -> H -> K -> M -> O,L,4.199056,Ya
27,A,O,A -> B -> E -> H -> K -> M -> O,M,4.199056,Ya
27,A,O,A -> B -> E -> H -> K -> M -> O,N,4.199056,Ya
27,A,O,A -> B -> E -> H -> K -> M -> O,O,4.199056,Ya
28,A,O,A -> B -> E -> H -> K -> M -> O,A,4.199021,Ya
28,A,O,A -> B -> E -> H -> K -> M -> O,B,4.199021,Ya
28,A,O,A -> B -> E -> H -> K -> M -> O,C,4.199021,Ya
28,A,O,A -> B -> E -> H -> K -> M -> O,D,4.199021,Ya
28,A,O,A -> B -> E -> H -> K -> M -> O,E,4.199021,Ya
28,A,O,A -> B -> E -> H -> K -> M -> O,F,4.199021,Ya
28,A,O,A -> B -> E -> H -> K -> M -> O,G,4.199021,Ya
28,A,O,A -> B -> E -> H -> K -> M -> O,H,4.199021,Ya
28,A,O,A -> B -> E -> H -> K -> M -> O,I,4.199021,Ya
28,A,O,A -> B -> E -> H -> K -> M -> O,J,4.199021,Ya
28,A,O,A -> B -> E -> H -> K -> M -> O,K,4.199021,Ya
28,A,O,A -> B -> E -> H -> K -> M -> O,L,4.199021,Ya
28,A,O,A -> B -> E -> H -> K -> M -> O,M,4.199021,Ya
28,A,O,A -> B -> E -> H -> K -> M -> O,N,4.199021,Ya
28,A,O,A -> B -> E -> H -> K -> M -> O,O,4.199021,Ya
29,A,O,A -> B -> E -> H -> K -> M -> O,A,4.198986,Ya
29,A,O,A -> B -> E -> H -> K -> M -> O,B,4.198986,Ya
29,A,O,A -> B -> E -> H -> K -> M -> O,C,4.198986,Ya
29,A,O,A -> B -> E -> H -> K -> M -> O,D,4.198986,Ya
29,A,O,A -> B -> E -> H -> K -> M -> O,E,4.198986,Ya
29,A,O,A -> B -> E -> H -> K -> M -> O,F,4.198986,Ya
29,A,O,A -> B -> E -> H -> K -> M -> O,G,4.198986,Ya
29,A,O,A -> B -> E -> H -> K -> M -> O,H,4.198986,Ya
29,A,O,A -> B -> E -> H -> K -> M -> O,I,4.198986,Ya
29,A,O,A -> B -> E -> H -> K -> M -> O,J,4.198986,Ya
29,A,O,A -> B -> E -> H -> K -> M -> O,K,4.198986,Ya
29,A,O,A -> B -> E -> H -> K -> M -> O,L,4.198986,Ya
29,A,O,A -> B -> E -> H -> K -> M -> O,M,4.198986,Ya
29,A,O,A -> B -> E -> H -> K -> M -> O,N,4.198986,Ya
29,A,O,A -> B -> E -> H -> K -> M -> O,O,4.198986,Ya
30,A,O,A -> B -> E -> H -> K -> M -> O,A,4.198951,Ya
30,A,O,A -> B -> E -> H -> K -> M -> O,B,4.198951,Ya
30,A,O,A -> B -> E -> H -> K -> M -> O,C,4.198951,Ya
30,A,O,A -> B -> E -> H -> K -> M -> O,D,4.198951,Ya
30,A,O,A -> B -> E -> H -> K -> M -> O,E,4.198951,Ya
30,A,O,A -> B -> E -> H -> K -> M -> O,F,4.198951,Ya
30,A,O,A -> B -> E -> H -> K -> M -> O,G,4.198951,Ya
30,A,O,A -> B -> E -> H -> K -> M -> O,H,4.198951,Ya
30,A,O,A -> B -> E -> H -> K -> M -> O,I,4.198951,Ya
30,A,O,A -> B -> E -> H -> K -> M -> O,J,4.198951,Ya
30,A,O,A -> B -> E -> H -> K -> M -> O,K,4.198951,Ya
30,A,O,A -> B -> E -> H -> K -> M -> O,L,4.198951,Ya
30,A,O,A -> B -> E -> H -> K -> M -> O,M,4.198951,Ya
30,A,O,A -> B -> E -> H -> K -> M -> O,N,4.198951,Ya
30,A,O,A -> B -> E -> H -> K -> M -> O,O,4.198951,Ya
31,A,O,A -> B -> E -> H -> K -> M -> O,A,4.198916,Ya
31,A,O,A -> B -> E -> H -> K -> M -> O,B,4.198916,Ya
31,A,O,A -> B -> E -> H -> K -> M -> O,C,4.198916,Ya
31,A,O,A -> B -> E -> H -> K -> M -> O,D,4.198916,Ya
31,A,O,A -> B -> E -> H -> K -> M -> O,E,4.198916,Ya
31,A,O,A -> B -> E -> H -> K -> M -> O,F,4.198916,Ya
31,A,O,A -> B -> E -> H -> K -> M -> O,G,4.198916,Ya
31,A,O,A -> B -> E -> H -> K -> M -> O,H,4.198916,Ya
31,A,O,A -> B -> E -> H -> K -> M -> O,I,4.198916,Ya
31,A,O,A -> B -> E -> H -> K -> M -> O,J,4.198916,Ya
31,A,O,A -> B -> E -> H -> K -> M -> O,K,4.198916,Ya
31,A,O,A -> B -> E -> H -> K -> M -> O,L,4.198916,Ya
31,A,O,A -> B -> E -> H -> K -> M -> O,M,4.198916,Ya
31,A,O,A -> B -> E -> H -> K -> M -> O,N,4.198916,Ya
31,A,O,A -> B -> E -> H -> K -> M -> O,O,4.198916,Ya
32,A,O,A -> B -> E -> H -> K -> M -> O,A,4.198881,Ya
32,A,O,A -> B -> E -> H -> K -> M -> O,B,4.198881,Ya
32,A,O,A -> B -> E -> H -> K -> M -> O,C,4.198881,Ya
32,A,O,A -> B -> E -> H -> K -> M -> O,D,4.198881,Ya
32,A,O,A -> B -> E -> H -> K -> M -> O,E,4.198881,Ya
32,A,O,A -> B -> E -> H -> K -> M -> O,F,4.198881,Ya
32,A,O,A -> B -> E -> H -> K -> M -> O,G,4.198881,Ya
32,A,O,A -> B -> E -> H -> K -> M -> O,H,4.198881,Ya
32,A,O,A -> B -> E -> H -> K -> M -> O,I,4.198881,Ya
32,A,O,A -> B -> E -> H -> K -> M -> O,J,4.198881,Ya
32,A,O,A -> B -> E -> H -> K -> M -> O,K,4.198881,Ya
32,A,O,A -> B -> E -> H -> K -> M -> O,L,4.198881,Ya
32,A,O,A -> B -> E -> H -> K -> M -> O,M,4.198881,Ya
32,A,O,A -> B -> E -> H -> K -> M -> O,N,4.198881,Ya
32,A,O,A -> B -> E -> H -> K -> M -> O,O,4.198881,Ya
33,A,O,A -> B -> E -> H -> K -> M -> O,A,4.198846,Ya
33,A,O,A -> B -> E -> H -> K -> M -> O,B,4.198846,Ya
33,A,O,A -> B -> E -> H -> K -> M -> O,C,4.198846,Ya
33,A,O,A -> B -> E -> H -> K -> M -> O,D,4.198846,Ya
33,A,O,A -> B -> E -> H -> K -> M -> O,E,4.198846,Ya
33,A,O,A -> B -> E -> H -> K -> M -> O,F,4.198846,Ya
33,A,O,A -> B -> E -> H -> K -> M -> O,G,4.198846,Ya
33,A,O,A -> B -> E -> H -> K -> M -> O,H,4.198846,Ya
33,A,O,A -> B -> E -> H -> K -> M -> O,I,4.198846,Ya
33,A,O,A -> B -> E -> H -> K -> M -> O,J,4.198846,Ya
33,A,O,A -> B -> E -> H -> K -> M -> O,K,4.198846,Ya
33,A,O,A -> B -> E -> H -> K -> M -> O,L,4.198846,Ya
33,A,O,A -> B -> E -> H -> K -> M -> O,M,4.198846,Ya
33,A,O,A -> B -> E -> H -> K -> M -> O,N,4.198846,Ya
33,A,O,A -> B -> E -> H -> K -> M -> O,O,4.198846,Ya
34,A,O,A -> B -> E -> H -> K -> M -> O,A,4.198811,Ya
34,A,O,A -> B -> E -> H -> K -> M -> O,B,4.198811,Ya
34,A,O,A -> B -> E -> H -> K -> M -> O,C,4.198811,Ya
34,A,O,A -> B -> E -> H -> K -> M -> O,D,4.198811,Ya
34,A,O,A -> B -> E -> H -> K -> M -> O,E,4.198811,Ya
34,A,O,A -> B -> E -> H -> K -> M -> O,F,4.198811,Ya
34,A,O,A -> B -> E -> H -> K -> M -> O,G,4.198811,Ya
34,A,O,A -> B -> E -> H -> K -> M -> O,H,4.198811,Ya
34,A,O,A -> B -> E -> H -> K -> M -> O,I,4.198811,Ya
34,A,O,A -> B -> E -> H -> K -> M -> O,J,4.198811,Ya
34,A,O,A -> B -> E -> H -> K -> M -> O,K,4.198811,Ya
34,A,O,A -> B -> E -> H -> K -> M -> O,L,4.198811,Ya
34,A,O,A -> B -> E -> H -> K -> M -> O,M,4.198811,Ya
34,A,O,A -> B -> E -> H -> K -> M -> O,N,4.198811,Ya
34,A,O,A -> B -> E -> H -> K -> M -> O,O,4.198811,Ya
35,A,O,A -> B -> E -> H -> K -> M -> O,A,4.198776,Ya
35,A,O,A -> B -> E -> H -> K -> M -> O,B,4.198776,Ya
35,A,O,A -> B -> E -> H -> K -> M -> O,C,4.198776,Ya
35,A,O,A -> B -> E -> H -> K -> M -> O,D,4.198776,Ya
35,A,O,A -> B -> E -> H -> K -> M -> O,E,4.198776,Ya
35,A,O,A -> B -> E -> H -> K -> M -> O,F,4.198776,Ya
35,A,O,A -> B -> E -> H -> K -> M -> O,G,4.198776,Ya
35,A,O,A -> B -> E -> H -> K -> M -> O,H,4.198776,Ya
35,A,O,A -> B -> E -> H -> K -> M -> O,I,4.198776,Ya
35,A,O,A -> B -> E -> H -> K -> M -> O,J,4.198776,Ya
35,A,O,A -> B -> E -> H -> K -> M -> O,K,4.198776,Ya
35,A,O,A -> B -> E -> H -> K -> M -> O,L,4.198776,Ya
35,A,O,A -> B -> E -> H -> K -> M -> O,M,4.198776,Ya
35,A,O,A -> B -> E -> H -> K -> M -> O,N,4.198776,Ya
35,A,O,A -> B -> E -> H -> K -> M -> O,O,4.198776,Ya
36,A,O,A -> B -> E -> H -> K -> M -> O,A,4.198741,Ya
36,A,O,A -> B -> E -> H -> K -> M -> O,B,4.198741,Ya
36,A,O,A -> B -> E -> H -> K -> M -> O,C,4.198741,Ya
36,A,O,A -> B -> E -> H -> K -> M -> O,D,4.198741,Ya
36,A,O,A -> B -> E -> H -> K -> M -> O,E,4.198741,Ya
36,A,O,A -> B -> E -> H -> K -> M -> O,F,4.198741,Ya
36,A,O,A -> B -> E -> H -> K -> M -> O,G,4.198741,Ya
36,A,O,A -> B -> E -> H -> K -> M -> O,H,4.198741,Ya
36,A,O,A -> B -> E -> H -> K -> M -> O,I,4.198741,Ya
36,A,O,A -> B -> E -> H -> K -> M -> O,J,4.198741,Ya
36,A,O,A -> B -> E -> H -> K -> M -> O,K,4.198741,Ya
36,A,O,A -> B -> E -> H -> K -> M -> O,L,4.198741,Ya
36,A,O,A -> B -> E -> H -> K -> M -> O,M,4.198741,Ya
36,A,O,A -> B -> E -> H -> K -> M -> O,N,4.198741,Ya
36,A,O,A -> B -> E -> H -> K -> M -> O,O,4.198741,Ya
37,A,O,A -> B -> E -> H -> K -> M -> O,A,4.198706,Ya
37,A,O,A -> B -> E -> H -> K -> M -> O,B,4.198706,Ya
37,A,O,A -> B -> E -> H -> K -> M -> O,C,4.198706,Ya
37,A,O,A -> B -> E -> H -> K -> M -> O,D,4.198706,Ya
37,A,O,A -> B -> E -> H -> K -> M -> O,E,4.198706,Ya
37,A,O,A -> B -> E -> H -> K -> M -> O,F,4.198706,Ya
37,A,O,A -> B -> E -> H -> K -> M -> O,G,4.198706,Ya
37,A,O,A -> B -> E -> H -> K -> M -> O,H,4.198706,Ya
37,A,O,A -> B -> E -> H -> K -> M -> O,I,4.198706,Ya
37,A,O,A -> B -> E -> H -> K -> M -> O,J,4.198706,Ya
37,A,O,A -> B -> E -> H -> K -> M -> O,K,4.198706,Ya
37,A,O,A -> B -> E -> H -> K -> M -> O,L,4.198706,Ya
37,A,O,A -> B -> E -> H -> K -> M -> O,M,4.198706,Ya
37,A,O,A -> B -> E -> H -> K -> M -> O,N,4.198706,Ya
37,A,O,A -> B -> E -> H -> K -> M -> O,O,4.198706,Ya
38,A,O,A -> B -> E -> H -> K -> M -> O,A,4.198671,Ya
38,A,O,A -> B -> E -> H -> K -> M -> O,B,4.198671,Ya
38,A,O,A -> B -> E -> H -> K -> M -> O,C,4.198671,Ya
38,A,O,A -> B -> E -> H -> K -> M -> O,D,4.198671,Ya
38,A,O,A -> B -> E -> H -> K -> M -> O,E,4.198671,Ya
38,A,O,A -> B -> E -> H -> K -> M -> O,F,4.198671,Ya
38,A,O,A -> B -> E -> H -> K -> M -> O,G,4.198671,Ya
38,A,O,A -> B -> E -> H -> K -> M -> O,H,4.198671,Ya
38,A,O,A -> B -> E -> H -> K -> M -> O,I,4.198671,Ya
38,A,O,A -> B -> E -> H -> K -> M -> O,J,4.198671,Ya
38,A,O,A -> B -> E -> H -> K -> M -> O,K,4.198671,Ya
38,A,O,A -> B -> E -> H -> K -> M -> O,L,4.198671,Ya
38,A,O,A -> B -> E -> H -> K -> M -> O,M,4.198671,Ya
38,A,O,A -> B -> E -> H -> K -> M -> O,N,4.198671,Ya
38,A,O,A -> B -> E -> H -> K -> M -> O,O,4.198671,Ya
39,A,O,A -> B -> E -> H -> K -> M -> O,A,4.198636,Ya
39,A,O,A -> B -> E -> H -> K -> M -> O,B,4.198636,Ya
39,A,O,A -> B -> E -> H -> K -> M -> O,C,4.198636,Ya
39,A,O,A -> B -> E -> H -> K -> M -> O,D,4.198636,Ya
39,A,O,A -> B -> E -> H -> K -> M -> O,E,4.198636,Ya
39,A,O,A -> B -> E -> H -> K -> M -> O,F,4.198636,Ya
39,A,O,A -> B -> E -> H -> K -> M -> O,G,4.198636,Ya
39,A,O,A -> B -> E -> H -> K -> M -> O,H,4.198636,Ya
39,A,O,A -> B -> E -> H -> K -> M -> O,I,4.198636,Ya
39,A,O,A -> B -> E -> H -> K -> M -> O,J,4.198636,Ya
39,A,O,A -> B -> E -> H -> K -> M -> O,K,4.198636,Ya
39,A,O,A -> B -> E -> H -> K -> M -> O,L,4.198636,Ya
39,A,O,A -> B -> E -> H -> K -> M -> O,M,4.198636,Ya
39,A,O,A -> B -> E -> H -> K -> M -> O,N,4.198636,Ya
39,A,O,A -> B -> E -> H -> K -> M -> O,O,4.198636,Ya
40,A,O,A -> B -> E -> H -> K -> M -> O,A,4.198601,Ya
40,A,O,A -> B -> E -> H -> K -> M -> O,B,4.198601,Ya
40,A,O,A -> B -> E -> H -> K -> M -> O,C,4.198601,Ya
40,A,O,A -> B -> E -> H -> K -> M -> O,D,4.198601,Ya
40,A,O,A -> B -> E -> H -> K -> M -> O,E,4.198601,Ya
40,A,O,A -> B -> E -> H -> K -> M -> O,F,4.198601,Ya
40,A,O,A -> B -> E -> H -> K -> M -> O,G,4.198601,Ya
40,A,O,A -> B -> E -> H -> K -> M -> O,H,4.198601,Ya
40,A,O,A -> B -> E -> H -> K -> M -> O,I,4.198601,Ya
40,A,O,A -> B -> E -> H -> K -> M -> O,J,4.198601,Ya
40,A,O,A -> B -> E -> H -> K -> M -> O,K,4.198601,Ya
40,A,O,A -> B -> E -> H -> K -> M -> O,L,4.198601,Ya
40,A,O,A -> B -> E -> H -> K -> M -> O,M,4.198601,Ya
40,A,O,A -> B -> E -> H -> K -> M -> O,N,4.198601,Ya
40,A,O,A -> B -> E -> H -> K -> M -> O,O,4.198601,Ya
41,A,O,A -> B -> E -> H -> K -> M -> O,A,4.198566,Ya
41,A,O,A -> B -> E -> H -> K -> M -> O,B,4.198566,Ya
41,A,O,A -> B -> E -> H -> K -> M -> O,C,4.198566,Ya
41,A,O,A -> B -> E -> H -> K -> M -> O,D,4.198566,Ya
41,A,O,A -> B -> E -> H -> K -> M -> O,E,4.198566,Ya
41,A,O,A -> B -> E -> H -> K -> M -> O,F,4.198566,Ya
41,A,O,A -> B -> E -> H -> K -> M -> O,G,4.198566,Ya
41,A,O,A -> B -> E -> H -> K -> M -> O,H,4.198566,Ya
41,A,O,A -> B -> E -> H -> K -> M -> O,I,4.198566,Ya
41,A,O,A -> B -> E -> H -> K -> M -> O,J,4.198566,Ya
41,A,O,A -> B -> E -> H -> K -> M -> O,K,4.198566,Ya
41,A,O,A -> B -> E -> H -> K -> M -> O,L,4.198566,Ya
41,A,O,A -> B -> E -> H -> K -> M -> O,M,4.198566,Ya
41,A,O,A -> B -> E -> H -> K -> M -> O,N,4.198566,Ya
41,A,O,A -> B -> E -> H -> K -> M -> O,O,4.198566,Ya
42,A,O,A -> B -> E -> H -> K -> M -> O,A,4.198531,Ya
42,A,O,A -> B -> E -> H -> K -> M -> O,B,4.198531,Ya
42,A,O,A -> B -> E -> H -> K -> M -> O,C,4.198531,Ya
42,A,O,A -> B -> E -> H -> K -> M -> O,D,4.198531,Ya
42,A,O,A -> B -> E -> H -> K -> M -> O,E,4.198531,Ya
42,A,O,A -> B -> E -> H -> K -> M -> O,F,4.198531,Ya
42,A,O,A -> B -> E -> H -> K -> M -> O,G,4.198531,Ya
42,A,O,A -> B -> E -> H -> K -> M -> O,H,4.198531,Ya
42,A,O,A -> B -> E -> H -> K -> M -> O,I,4.198531,Ya
42,A,O,A -> B -> E -> H -> K -> M -> O,J,4.198531,Ya
42,A,O,A -> B -> E -> H -> K -> M -> O,K,4.198531,Ya
42,A,O,A -> B -> E -> H -> K -> M -> O,L,4.198531,Ya
42,A,O,A -> B -> E -> H -> K -> M -> O,M,4.198531,Ya
42,A,O,A -> B -> E -> H -> K -> M -> O,N,4.198531,Ya
42,A,O,A -> B -> E -> H -> K -> M -> O,O,4.198531,Ya
43,A,O,A -> B -> E -> H -> K -> M -> O,A,4.198497,Ya
43,A,O,A -> B -> E -> H -> K -> M -> O,B,4.198497,Ya
43,A,O,A -> B -> E -> H -> K -> M -> O,C,4.198497,Ya
43,A,O,A -> B -> E -> H -> K -> M -> O,D,4.198497,Ya
43,A,O,A -> B -> E -> H -> K -> M -> O,E,4.198497,Ya
43,A,O,A -> B -> E -> H -> K -> M -> O,F,4.198497,Ya
43,A,O,A -> B -> E -> H -> K -> M -> O,G,4.198497,Ya
43,A,O,A -> B -> E -> H -> K -> M -> O,H,4.198497,Ya
43,A,O,A -> B -> E -> H -> K -> M -> O,I,4.198497,Ya
43,A,O,A -> B -> E -> H -> K -> M -> O,J,4.198497,Ya
43,A,O,A -> B -> E -> H -> K -> M -> O,K,4.198497,Ya
43,A,O,A -> B -> E -> H -> K -> M -> O,L,4.198497,Ya
43,A,O,A -> B -> E -> H -> K -> M -> O,M,4.198497,Ya
43,A,O,A -> B -> E -> H -> K -> M -> O,N,4.198497,Ya
43,A,O,A -> B -> E -> H -> K -> M -> O,O,4.198497,Ya
44,A,O,A -> B -> E -> H -> K -> M -> O,A,4.198462,Ya
44,A,O,A -> B -> E -> H -> K -> M -> O,B,4.198462,Ya
44,A,O,A -> B -> E -> H -> K -> M -> O,C,4.198462,Ya
44,A,O,A -> B -> E -> H -> K -> M -> O,D,4.198462,Ya
44,A,O,A -> B -> E -> H -> K -> M -> O,E,4.198462,Ya
44,A,O,A -> B -> E -> H -> K -> M -> O,F,4.198462,Ya
44,A,O,A -> B -> E -> H -> K -> M -> O,G,4.198462,Ya
44,A,O,A -> B -> E -> H -> K -> M -> O,H,4.198462,Ya
44,A,O,A -> B -> E -> H -> K -> M -> O,I,4.198462,Ya
44,A,O,A -> B -> E -> H -> K -> M -> O,J,4.198462,Ya
44,A,O,A -> B -> E -> H -> K -> M -> O,K,4.198462,Ya
44,A,O,A -> B -> E -> H -> K -> M -> O,L,4.198462,Ya
44,A,O,A -> B -> E -> H -> K -> M -> O,M,4.198462,Ya
44,A,O,A -> B -> E -> H -> K -> M -> O,N,4.198462,Ya
44,A,O,A -> B -> E -> H -> K -> M -> O,O,4.198462,Ya
45,A,O,A -> B -> E -> H -> K -> M -> O,A,4.198427,Ya
45,A,O,A -> B -> E -> H -> K -> M -> O,B,4.198427,Ya
45,A,O,A -> B -> E -> H -> K -> M -> O,C,4.198427,Ya
45,A,O,A -> B -> E -> H -> K -> M -> O,D,4.198427,Ya
45,A,O,A -> B -> E -> H -> K -> M -> O,E,4.198427,Ya
45,A,O,A -> B -> E -> H -> K -> M -> O,F,4.198427,Ya
45,A,O,A -> B -> E -> H -> K -> M -> O,G,4.198427,Ya
45,A,O,A -> B -> E -> H -> K -> M -> O,H,4.198427,Ya
45,A,O,A -> B -> E -> H -> K -> M -> O,I,4.198427,Ya
45,A,O,A -> B -> E -> H -> K -> M -> O,J,4.198427,Ya
45,A,O,A -> B -> E -> H -> K -> M -> O,K,4.198427,Ya
45,A,O,A -> B -> E -> H -> K -> M -> O,L,4.198427,Ya
45,A,O,A -> B -> E -> H -> K -> M -> O,M,4.198427,Ya
45,A,O,A -> B -> E -> H -> K -> M -> O,N,4.198427,Ya
45,A,O,A -> B -> E -> H -> K -> M -> O,O,4.198427,Ya
46,A,O,A -> B -> E -> H -> K -> M -> O,A,4.198392,Ya
46,A,O,A -> B -> E -> H -> K -> M -> O,B,4.198392,Ya
46,A,O,A -> B -> E -> H -> K -> M -> O,C,4.198392,Ya
46,A,O,A -> B -> E -> H -> K -> M -> O,D,4.198392,Ya
46,A,O,A -> B -> E -> H -> K -> M -> O,E,4.198392,Ya
46,A,O,A -> B -> E -> H -> K -> M -> O,F,4.198392,Ya
46,A,O,A -> B -> E -> H -> K -> M -> O,G,4.198392,Ya
46,A,O,A -> B -> E -> H -> K -> M -> O,H,4.198392,Ya
46,A,O,A -> B -> E -> H -> K -> M -> O,I,4.198392,Ya
46,A,O,A -> B -> E -> H -> K -> M -> O,J,4.198392,Ya
46,A,O,A -> B -> E -> H -> K -> M -> O,K,4.198392,Ya
46,A,O,A -> B -> E -> H -> K -> M -> O,L,4.198392,Ya
46,A,O,A -> B -> E -> H -> K -> M -> O,M,4.198392,Ya
46,A,O,A -> B -> E -> H -> K -> M -> O,N,4.198392,Ya
46,A,O,A -> B -> E -> H -> K -> M -> O,O,4.198392,Ya
47,A,O,A -> B -> E -> H -> K -> M -> O,A,4.198357,Ya
47,A,O,A -> B -> E -> H -> K -> M -> O,B,4.198357,Ya
47,A,O,A -> B -> E -> H -> K -> M -> O,C,4.198357,Ya
47,A,O,A -> B -> E -> H -> K -> M -> O,D,4.198357,Ya
47,A,O,A -> B -> E -> H -> K -> M -> O,E,4.198357,Ya
47,A,O,A -> B -> E -> H -> K -> M -> O,F,4.198357,Ya
47,A,O,A -> B -> E -> H -> K -> M -> O,G,4.198357,Ya
47,A,O,A -> B -> E -> H -> K -> M -> O,H,4.198357,Ya
47,A,O,A -> B -> E -> H -> K -> M -> O,I,4.198357,Ya
47,A,O,A -> B -> E -> H -> K -> M -> O,J,4.198357,Ya
47,A,O,A -> B -> E -> H -> K -> M -> O,K,4.198357,Ya
47,A,O,A -> B -> E -> H -> K -> M -> O,L,4.198357,Ya
47,A,O,A -> B -> E -> H -> K -> M -> O,M,4.198357,Ya
47,A,O,A -> B -> E -> H -> K -> M -> O,N,4.198357,Ya
47,A,O,A -> B -> E -> H -> K -> M -> O,O,4.198357,Ya
48,A,O,A -> B -> E -> H -> K -> M -> O,A,4.198322,Ya
48,A,O,A -> B -> E -> H -> K -> M -> O,B,4.198322,Ya
48,A,O,A -> B -> E -> H -> K -> M -> O,C,4.198322,Ya
48,A,O,A -> B -> E -> H -> K -> M -> O,D,4.198322,Ya
48,A,O,A -> B -> E -> H -> K -> M -> O,E,4.198322,Ya
48,A,O,A -> B -> E -> H -> K -> M -> O,F,4.198322,Ya
48,A,O,A -> B -> E -> H -> K -> M -> O,G,4.198322,Ya
48,A,O,A -> B -> E -> H -> K -> M -> O,H,4.198322,Ya
48,A,O,A -> B -> E -> H -> K -> M -> O,I,4.198322,Ya
48,A,O,A -> B -> E -> H -> K -> M -> O,J,4.198322,Ya
48,A,O,A -> B -> E -> H -> K -> M -> O,K,4.198322,Ya
48,A,O,A -> B -> E -> H -> K -> M -> O,L,4.198322,Ya
48,A,O,A -> B -> E -> H -> K -> M -> O,M,4.198322,Ya
48,A,O,A -> B -> E -> H -> K -> M -> O,N,4.198322,Ya
48,A,O,A -> B -> E -> H -> K -> M -> O,O,4.198322,Ya
49,A,O,A -> B -> E -> H -> K -> M -> O,A,4.198287,Ya
49,A,O,A -> B -> E -> H -> K -> M -> O,B,4.198287,Ya
49,A,O,A -> B -> E -> H -> K -> M -> O,C,4.198287,Ya
49,A,O,A -> B -> E -> H -> K -> M -> O,D,4.198287,Ya
49,A,O,A -> B -> E -> H -> K -> M -> O,E,4.198287,Ya
49,A,O,A -> B -> E -> H -> K -> M -> O,F,4.198287,Ya
49,A,O,A -> B -> E -> H -> K -> M -> O,G,4.198287,Ya
49,A,O,A -> B -> E -> H -> K -> M -> O,H,4.198287,Ya
49,A,O,A -> B -> E -> H -> K -> M -> O,I,4.198287,Ya
49,A,O,A -> B -> E -> H -> K -> M -> O,J,4.198287,Ya
49,A,O,A -> B -> E -> H -> K -> M -> O,K,4.198287,Ya
49,A,O,A -> B -> E -> H -> K -> M -> O,L,4.198287,Ya
49,A,O,A -> B -> E -> H -> K -> M -> O,M,4.198287,Ya
49,A,O,A -> B -> E -> H -> K -> M -> O,N,4.198287,Ya
49,A,O,A -> B -> E -> H -> K -> M -> O,O,4.198287,Ya
50,A,O,A -> B -> E -> H -> K -> M -> O,A,4.198252,Ya
50,A,O,A -> B -> E -> H -> K -> M -> O,B,4.198252,Ya
50,A,O,A -> B -> E -> H -> K -> M -> O,C,4.198252,Ya
50,A,O,A -> B -> E -> H -> K -> M -> O,D,4.198252,Ya
50,A,O,A -> B -> E -> H -> K -> M -> O,E,4.198252,Ya
50,A,O,A -> B -> E -> H -> K -> M -> O,F,4.198252,Ya
50,A,O,A -> B -> E -> H -> K -> M -> O,G,4.198252,Ya
50,A,O,A -> B -> E -> H -> K -> M -> O,H,4.198252,Ya
50,A,O,A -> B -> E -> H -> K -> M -> O,I,4.198252,Ya
50,A,O,A -> B -> E -> H -> K -> M -> O,J,4.198252,Ya
50,A,O,A -> B -> E -> H -> K -> M -> O,K,4.198252,Ya
50,A,O,A -> B -> E -> H -> K -> M -> O,L,4.198252,Ya
50,A,O,A -> B -> E -> H -> K -> M -> O,M,4.198252,Ya
50,A,O,A -> B -> E -> H -> K -> M -> O,N,4.198252,Ya
50,A,O,A -> B -> E -> H -> K -> M -> O,O,4.198252,Ya
51,A,O,A -> B -> E -> H -> K -> M -> O,A,4.198217,Ya
51,A,O,A -> B -> E -> H -> K -> M -> O,B,4.198217,Ya
51,A,O,A -> B -> E -> H -> K -> M -> O,C,4.198217,Ya
51,A,O,A -> B -> E -> H -> K -> M -> O,D,4.198217,Ya
51,A,O,A -> B -> E -> H -> K -> M -> O,E,4.198217,Ya
51,A,O,A -> B -> E -> H -> K -> M -> O,F,4.198217,Ya
51,A,O,A -> B -> E -> H -> K -> M -> O,G,4.198217,Ya
51,A,O,A -> B -> E -> H -> K -> M -> O,H,4.198217,Ya
51,A,O,A -> B -> E -> H -> K -> M -> O,I,4.198217,Ya
51,A,O,A -> B -> E -> H -> K -> M -> O,J,4.198217,Ya
51,A,O,A -> B -> E -> H -> K -> M -> O,K,4.198217,Ya
51,A,O,A -> B -> E -> H -> K -> M -> O,L,4.198217,Ya
51,A,O,A -> B -> E -> H -> K -> M -> O,M,4.198217,Ya
51,A,O,A -> B -> E -> H -> K -> M -> O,N,4.198217,Ya
51,A,O,A -> B -> E -> H -> K -> M -> O,O,4.198217,Ya
52,A,O,A -> B -> E -> H -> K -> M -> O,A,4.198182,Ya
52,A,O,A -> B -> E -> H -> K -> M -> O,B,4.198182,Ya
52,A,O,A -> B -> E -> H -> K -> M -> O,C,4.198182,Ya
52,A,O,A -> B -> E -> H -> K -> M -> O,D,4.198182,Ya
52,A,O,A -> B -> E -> H -> K -> M -> O,E,4.198182,Ya
52,A,O,A -> B -> E -> H -> K -> M -> O,F,4.198182,Ya
52,A,O,A -> B -> E -> H -> K -> M -> O,G,4.198182,Ya
52,A,O,A -> B -> E -> H -> K -> M -> O,H,4.198182,Ya
52,A,O,A -> B -> E -> H -> K -> M -> O,I,4.198182,Ya
52,A,O,A -> B -> E -> H -> K -> M -> O,J,4.198182,Ya
52,A,O,A -> B -> E -> H -> K -> M -> O,K,4.198182,Ya
52,A,O,A -> B -> E -> H -> K -> M -> O,L,4.198182,Ya
52,A,O,A -> B -> E -> H -> K -> M -> O,M,4.198182,Ya
52,A,O,A -> B -> E -> H -> K -> M -> O,N,4.198182,Ya
52,A,O,A -> B -> E -> H -> K -> M -> O,O,4.198182,Ya
53,A,O,A -> B -> E -> H -> K -> M -> O,A,4.198147,Ya
53,A,O,A -> B -> E -> H -> K -> M -> O,B,4.198147,Ya
53,A,O,A -> B -> E -> H -> K -> M -> O,C,4.198147,Ya
53,A,O,A -> B -> E -> H -> K -> M -> O,D,4.198147,Ya
53,A,O,A -> B -> E -> H -> K -> M -> O,E,4.198147,Ya
53,A,O,A -> B -> E -> H -> K -> M -> O,F,4.198147,Ya
53,A,O,A -> B -> E -> H -> K -> M -> O,G,4.198147,Ya
53,A,O,A -> B -> E -> H -> K -> M -> O,H,4.198147,Ya
53,A,O,A -> B -> E -> H -> K -> M -> O,I,4.198147,Ya
53,A,O,A -> B -> E -> H -> K -> M -> O,J,4.198147,Ya
53,A,O,A -> B -> E -> H -> K -> M -> O,K,4.198147,Ya
53,A,O,A -> B -> E -> H -> K -> M -> O,L,4.198147,Ya
53,A,O,A -> B -> E -> H -> K -> M -> O,M,4.198147,Ya
53,A,O,A -> B -> E -> H -> K -> M -> O,N,4.198147,Ya
53,A,O,A -> B -> E -> H -> K -> M -> O,O,4.198147,Ya
54,A,O,A -> B -> E -> H -> K -> M -> O,A,4.198112,Ya
54,A,O,A -> B -> E -> H -> K -> M -> O,B,4.198112,Ya
54,A,O,A -> B -> E -> H -> K -> M -> O,C,4.198112,Ya
54,A,O,A -> B -> E -> H -> K -> M -> O,D,4.198112,Ya
54,A,O,A -> B -> E -> H -> K -> M -> O,E,4.198112,Ya
54,A,O,A -> B -> E -> H -> K -> M -> O,F,4.198112,Ya
54,A,O,A -> B -> E -> H -> K -> M -> O,G,4.198112,Ya
54,A,O,A -> B -> E -> H -> K -> M -> O,H,4.198112,Ya
54,A,O,A -> B -> E -> H -> K -> M -> O,I,4.198112,Ya
54,A,O,A -> B -> E -> H -> K -> M -> O,J,4.198112,Ya
54,A,O,A -> B -> E -> H -> K -> M -> O,K,4.198112,Ya
54,A,O,A -> B -> E -> H -> K -> M -> O,L,4.198112,Ya
54,A,O,A -> B -> E -> H -> K -> M -> O,M,4.198112,Ya
54,A,O,A -> B -> E -> H -> K -> M -> O,N,4.198112,Ya
54,A,O,A -> B -> E -> H -> K -> M -> O,O,4.198112,Ya
55,A,O,A -> B -> E -> H -> K -> M -> O,A,4.198077,Ya
55,A,O,A -> B -> E -> H -> K -> M -> O,B,4.198077,Ya
55,A,O,A -> B -> E -> H -> K -> M -> O,C,4.198077,Ya
55,A,O,A -> B -> E -> H -> K -> M -> O,D,4.198077,Ya
55,A,O,A -> B -> E -> H -> K -> M -> O,E,4.198077,Ya
55,A,O,A -> B -> E -> H -> K -> M -> O,F,4.198077,Ya
55,A,O,A -> B -> E -> H -> K -> M -> O,G,4.198077,Ya
55,A,O,A -> B -> E -> H -> K -> M -> O,H,4.198077,Ya
55,A,O,A -> B -> E -> H -> K -> M -> O,I,4.198077,Ya
55,A,O,A -> B -> E -> H -> K -> M -> O,J,4.198077,Ya
55,A,O,A -> B -> E -> H -> K -> M -> O,K,4.198077,Ya
55,A,O,A -> B -> E -> H -> K -> M -> O,L,4.198077,Ya
55,A,O,A -> B -> E -> H -> K -> M -> O,M,4.198077,Ya
55,A,O,A -> B -> E -> H -> K -> M -> O,N,4.198077,Ya
55,A,O,A -> B -> E -> H -> K -> M -> O,O,4.198077,Ya
56,A,O,A -> B -> E -> H -> K -> M -> O,A,4.198042,Ya
56,A,O,A -> B -> E -> H -> K -> M -> O,B,4.198042,Ya
56,A,O,A -> B -> E -> H -> K -> M -> O,C,4.198042,Ya
56,A,O,A -> B -> E -> H -> K -> M -> O,D,4.198042,Ya
56,A,O,A -> B -> E -> H -> K -> M -> O,E,4.198042,Ya
56,A,O,A -> B -> E -> H -> K -> M -> O,F,4.198042,Ya
56,A,O,A -> B -> E -> H -> K -> M -> O,G,4.198042,Ya
56,A,O,A -> B -> E -> H -> K -> M -> O,H,4.198042,Ya
56,A,O,A -> B -> E -> H -> K -> M -> O,I,4.198042,Ya
56,A,O,A -> B -> E -> H -> K -> M -> O,J,4.198042,Ya
56,A,O,A -> B -> E -> H -> K -> M -> O,K,4.198042,Ya
56,A,O,A -> B -> E -> H -> K -> M -> O,L,4.198042,Ya
56,A,O,A -> B -> E -> H -> K -> M -> O,M,4.198042,Ya
56,A,O,A -> B -> E -> H -> K -> M -> O,N,4.198042,Ya
56,A,O,A -> B -> E -> H -> K -> M -> O,O,4.198042,Ya
57,A,O,A -> B -> E -> H -> K -> M -> O,A,4.198007,Ya
57,A,O,A -> B -> E -> H -> K -> M -> O,B,4.198007,Ya
57,A,O,A -> B -> E -> H -> K -> M -> O,C,4.198007,Ya
57,A,O,A -> B -> E -> H -> K -> M -> O,D,4.198007,Ya
57,A,O,A -> B -> E -> H -> K -> M -> O,E,4.198007,Ya
57,A,O,A -> B -> E -> H -> K -> M -> O,F,4.198007,Ya
57,A,O,A -> B -> E -> H -> K -> M -> O,G,4.198007,Ya
57,A,O,A -> B -> E -> H -> K -> M -> O,H,4.198007,Ya
57,A,O,A -> B -> E -> H -> K -> M -> O,I,4.198007,Ya
57,A,O,A -> B -> E -> H -> K -> M -> O,J,4.198007,Ya
57,A,O,A -> B -> E -> H -> K -> M -> O,K,4.198007,Ya
57,A,O,A -> B -> E -> H -> K -> M -> O,L,4.198007,Ya
57,A,O,A -> B -> E -> H -> K -> M -> O,M,4.198007,Ya
57,A,O,A -> B -> E -> H -> K -> M -> O,N,4.198007,Ya
57,A,O,A -> B -> E -> H -> K -> M -> O,O,4.198007,Ya
58,A,O,A -> B -> E -> H -> K -> M -> O,A,4.197972,Ya
58,A,O,A -> B -> E -> H -> K -> M -> O,B,4.197972,Ya
58,A,O,A -> B -> E -> H -> K -> M -> O,C,4.197972,Ya
58,A,O,A -> B -> E -> H -> K -> M -> O,D,4.197972,Ya
58,A,O,A -> B -> E -> H -> K -> M -> O,E,4.197972,Ya
58,A,O,A -> B -> E -> H -> K -> M -> O,F,4.197972,Ya
58,A,O,A -> B -> E -> H -> K -> M -> O,G,4.197972,Ya
58,A,O,A -> B -> E -> H -> K -> M -> O,H,4.197972,Ya
58,A,O,A -> B -> E -> H -> K -> M -> O,I,4.197972,Ya
58,A,O,A -> B -> E -> H -> K -> M -> O,J,4.197972,Ya
58,A,O,A -> B -> E -> H -> K -> M -> O,K,4.197972,Ya
58,A,O,A -> B -> E -> H -> K -> M -> O,L,4.197972,Ya
58,A,O,A -> B -> E -> H -> K -> M -> O,M,4.197972,Ya
58,A,O,A -> B -> E -> H -> K -> M -> O,N,4.197972,Ya
58,A,O,A -> B -> E -> H -> K -> M -> O,O,4.197972,Ya
59,A,O,A -> B -> E -> H -> K -> M -> O,A,4.197937,Ya
59,A,O,A -> B -> E -> H -> K -> M -> O,B,4.197937,Ya
59,A,O,A -> B -> E -> H -> K -> M -> O,C,4.197937,Ya
59,A,O,A -> B -> E -> H -> K -> M -> O,D,4.197937,Ya
59,A,O,A -> B -> E -> H -> K -> M -> O,E,4.197937,Ya
59,A,O,A -> B -> E -> H -> K -> M -> O,F,4.197937,Ya
59,A,O,A -> B -> E -> H -> K -> M -> O,G,4.197937,Ya
59,A,O,A -> B -> E -> H -> K -> M -> O,H,4.197937,Ya
59,A,O,A -> B -> E -> H -> K -> M -> O,I,4.197937,Ya
59,A,O,A -> B -> E -> H -> K -> M -> O,J,4.197937,Ya
59,A,O,A -> B -> E -> H -> K -> M -> O,K,4.197937,Ya
59,A,O,A -> B -> E -> H -> K -> M -> O,L,4.197937,Ya
59,A,O,A -> B -> E -> H -> K -> M -> O,M,4.197937,Ya
59,A,O,A -> B -> E -> H -> K -> M -> O,N,4.197937,Ya
59,A,O,A -> B -> E -> H -> K -> M -> O,O,4.197937,Ya
60,A,O,A -> B -> E -> H -> K -> M -> O,A,4.197902,Ya
60,A,O,A -> B -> E -> H -> K -> M -> O,B,4.197902,Ya
60,A,O,A -> B -> E -> H -> K -> M -> O,C,4.197902,Ya
60,A,O,A -> B -> E -> H -> K -> M -> O,D,4.197902,Ya
60,A,O,A -> B -> E -> H -> K -> M -> O,E,4.197902,Ya
60,A,O,A -> B -> E -> H -> K -> M -> O,F,4.197902,Ya
60,A,O,A -> B -> E -> H -> K -> M -> O,G,4.197902,Ya
60,A,O,A -> B -> E -> H -> K -> M -> O,H,4.197902,Ya
60,A,O,A -> B -> E -> H -> K -> M -> O,I,4.197902,Ya
60,A,O,A -> B -> E -> H -> K -> M -> O,J,4.197902,Ya
60,A,O,A -> B -> E -> H -> K -> M -> O,K,4.197902,Ya
60,A,O,A -> B -> E -> H -> K -> M -> O,L,4.197902,Ya
60,A,O,A -> B -> E -> H -> K -> M -> O,M,4.197902,Ya
60,A,O,A -> B -> E -> H -> K -> M -> O,N,4.197902,Ya
60,A,O,A -> B -> E -> H -> K -> M -> O,O,4.197902,Ya
61,A,O,A -> B -> E -> H -> K -> M -> O,A,4.197867,Ya
61,A,O,A -> B -> E -> H -> K -> M -> O,B,4.197867,Ya
61,A,O,A -> B -> E -> H -> K -> M -> O,C,4.197867,Ya
61,A,O,A -> B -> E -> H -> K -> M -> O,D,4.197867,Ya
61,A,O,A -> B -> E -> H -> K -> M -> O,E,4.197867,Ya
61,A,O,A -> B -> E -> H -> K -> M -> O,F,4.197867,Ya
61,A,O,A -> B -> E -> H -> K -> M -> O,G,4.197867,Ya
61,A,O,A -> B -> E -> H -> K -> M -> O,H,4.197867,Ya
61,A,O,A -> B -> E -> H -> K -> M -> O,I,4.197867,Ya
61,A,O,A -> B -> E -> H -> K -> M -> O,J,4.197867,Ya
61,A,O,A -> B -> E -> H -> K -> M -> O,K,4.197867,Ya
61,A,O,A -> B -> E -> H -> K -> M -> O,L,4.197867,Ya
61,A,O,A -> B -> E -> H -> K -> M -> O,M,4.197867,Ya
61,A,O,A -> B -> E -> H -> K -> M -> O,N,4.197867,Ya
61,A,O,A -> B -> E -> H -> K -> M -> O,O,4.197867,Ya
62,A,O,A -> B -> E -> H -> K -> M -> O,A,4.197832,Ya
62,A,O,A -> B -> E -> H -> K -> M -> O,B,4.197832,Ya
62,A,O,A -> B -> E -> H -> K -> M -> O,C,4.197832,Ya
62,A,O,A -> B -> E -> H -> K -> M -> O,D,4.197832,Ya
62,A,O,A -> B -> E -> H -> K -> M -> O,E,4.197832,Ya
62,A,O,A -> B -> E -> H -> K -> M -> O,F,4.197832,Ya
62,A,O,A -> B -> E -> H -> K -> M -> O,G,4.197832,Ya
62,A,O,A -> B -> E -> H -> K -> M -> O,H,4.197832,Ya
62,A,O,A -> B -> E -> H -> K -> M -> O,I,4.197832,Ya
62,A,O,A -> B -> E -> H -> K -> M -> O,J,4.197832,Ya
62,A,O,A -> B -> E -> H -> K -> M -> O,K,4.197832,Ya
62,A,O,A -> B -> E -> H -> K -> M -> O,L,4.197832,Ya
62,A,O,A -> B -> E -> H -> K -> M -> O,M,4.197832,Ya
62,A,O,A -> B -> E -> H -> K -> M -> O,N,4.197832,Ya
62,A,O,A -> B -> E -> H -> K -> M -> O,O,4.197832,Ya
63,A,O,A -> B -> E -> H -> K -> M -> O,A,4.197797,Ya
63,A,O,A -> B -> E -> H -> K -> M -> O,B,4.197797,Ya
63,A,O,A -> B -> E -> H -> K -> M -> O,C,4.197797,Ya
63,A,O,A -> B -> E -> H -> K -> M -> O,D,4.197797,Ya
63,A,O,A -> B -> E -> H -> K -> M -> O,E,4.197797,Ya
63,A,O,A -> B -> E -> H -> K -> M -> O,F,4.197797,Ya
63,A,O,A -> B -> E -> H -> K -> M -> O,G,4.197797,Ya
63,A,O,A -> B -> E -> H -> K -> M -> O,H,4.197797,Ya
63,A,O,A -> B -> E -> H -> K -> M -> O,I,4.197797,Ya
63,A,O,A -> B -> E -> H -> K -> M -> O,J,4.197797,Ya
63,A,O,A -> B -> E -> H -> K -> M -> O,K,4.197797,Ya
63,A,O,A -> B -> E -> H -> K -> M -> O,L,4.197797,Ya
63,A,O,A -> B -> E -> H -> K -> M -> O,M,4.197797,Ya
63,A,O,A -> B -> E -> H -> K -> M -> O,N,4.197797,Ya
63,A,O,A -> B -> E -> H -> K -> M -> O,O,4.197797,Ya
64,A,O,A -> B -> E -> H -> K -> M -> O,A,4.197762,Ya
64,A,O,A -> B -> E -> H -> K -> M -> O,B,4.197762,Ya
64,A,O,A -> B -> E -> H -> K -> M -> O,C,4.197762,Ya
64,A,O,A -> B -> E -> H -> K -> M -> O,D,4.197762,Ya
64,A,O,A -> B -> E -> H -> K -> M -> O,E,4.197762,Ya
64,A,O,A -> B -> E -> H -> K -> M -> O,F,4.197762,Ya
64,A,O,A -> B -> E -> H -> K -> M -> O,G,4.197762,Ya
64,A,O,A -> B -> E -> H -> K -> M -> O,H,4.197762,Ya
64,A,O,A -> B -> E -> H -> K -> M -> O,I,4.197762,Ya
64,A,O,A -> B -> E -> H -> K -> M -> O,J,4.197762,Ya
64,A,O,A -> B -> E -> H -> K -> M -> O,K,4.197762,Ya
64,A,O,A -> B -> E -> H -> K -> M -> O,L,4.197762,Ya
64,A,O,A -> B -> E -> H -> K -> M -> O,M,4.197762,Ya
64,A,O,A -> B -> E -> H -> K -> M -> O,N,4.197762,Ya
64,A,O,A -> B -> E -> H -> K -> M -> O,O,4.197762,Ya
65,A,O,A -> B -> E -> H -> K -> M -> O,A,4.197727,Ya
65,A,O,A -> B -> E -> H -> K -> M -> O,B,4.197727,Ya
65,A,O,A -> B -> E -> H -> K -> M -> O,C,4.197727,Ya
65,A,O,A -> B -> E -> H -> K -> M -> O,D,4.197727,Ya
65,A,O,A -> B -> E -> H -> K -> M -> O,E,4.197727,Ya
65,A,O,A -> B -> E -> H -> K -> M -> O,F,4.197727,Ya
65,A,O,A -> B -> E -> H -> K -> M -> O,G,4.197727,Ya
65,A,O,A -> B -> E -> H -> K -> M -> O,H,4.197727,Ya
65,A,O,A -> B -> E -> H -> K -> M -> O,I,4.197727,Ya
65,A,O,A -> B -> E -> H -> K -> M -> O,J,4.197727,Ya
65,A,O,A -> B -> E -> H -> K -> M -> O,K,4.197727,Ya
65,A,O,A -> B -> E -> H -> K -> M -> O,L,4.197727,Ya
65,A,O,A -> B -> E -> H -> K -> M -> O,M,4.197727,Ya
65,A,O,A -> B -> E -> H -> K -> M -> O,N,4.197727,Ya
65,A,O,A -> B -> E -> H -> K -> M -> O,O,4.197727,Ya
66,A,O,A -> B -> E -> H -> K -> M -> O,A,4.197692,Ya
66,A,O,A -> B -> E -> H -> K -> M -> O,B,4.197692,Ya
66,A,O,A -> B -> E -> H -> K -> M -> O,C,4.197692,Ya
66,A,O,A -> B -> E -> H -> K -> M -> O,D,4.197692,Ya
66,A,O,A -> B -> E -> H -> K -> M -> O,E,4.197692,Ya
66,A,O,A -> B -> E -> H -> K -> M -> O,F,4.197692,Ya
66,A,O,A -> B -> E -> H -> K -> M -> O,G,4.197692,Ya
66,A,O,A -> B -> E -> H -> K -> M -> O,H,4.197692,Ya
66,A,O,A -> B -> E -> H -> K -> M -> O,I,4.197692,Ya
66,A,O,A -> B -> E -> H -> K -> M -> O,J,4.197692,Ya
66,A,O,A -> B -> E -> H -> K -> M -> O,K,4.197692,Ya
66,A,O,A -> B -> E -> H -> K -> M -> O,L,4.197692,Ya
66,A,O,A -> B -> E -> H -> K -> M -> O,M,4.197692,Ya
66,A,O,A -> B -> E -> H -> K -> M -> O,N,4.197692,Ya
66,A,O,A -> B -> E -> H -> K -> M -> O,O,4.197692,Ya
67,A,O,A -> B -> E -> H -> K -> M -> O,A,4.197657,Ya
67,A,O,A -> B -> E -> H -> K -> M -> O,B,4.197657,Ya
67,A,O,A -> B -> E -> H -> K -> M -> O,C,4.197657,Ya
67,A,O,A -> B -> E -> H -> K -> M -> O,D,4.197657,Ya
67,A,O,A -> B -> E -> H -> K -> M -> O,E,4.197657,Ya
67,A,O,A -> B -> E -> H -> K -> M -> O,F,4.197657,Ya
67,A,O,A -> B -> E -> H -> K -> M -> O,G,4.197657,Ya
67,A,O,A -> B -> E -> H -> K -> M -> O,H,4.197657,Ya
67,A,O,A -> B -> E -> H -> K -> M -> O,I,4.197657,Ya
67,A,O,A -> B -> E -> H -> K -> M -> O,J,4.197657,Ya
67,A,O,A -> B -> E -> H -> K -> M -> O,K,4.197657,Ya
67,A,O,A -> B -> E -> H -> K -> M -> O,L,4.197657,Ya
67,A,O,A -> B -> E -> H -> K -> M -> O,M,4.197657,Ya
67,A,O,A -> B -> E -> H -> K -> M -> O,N,4.197657,Ya
67,A,O,A -> B -> E -> H -> K -> M -> O,O,4.197657,Ya
68,A,O,A -> B -> E -> H -> K -> M -> O,A,4.197622,Ya
68,A,O,A -> B -> E -> H -> K -> M -> O,B,4.197622,Ya
68,A,O,A -> B -> E -> H -> K -> M -> O,C,4.197622,Ya
68,A,O,A -> B -> E -> H -> K -> M -> O,D,4.197622,Ya
68,A,O,A -> B -> E -> H -> K -> M -> O,E,4.197622,Ya
68,A,O,A -> B -> E -> H -> K -> M -> O,F,4.197622,Ya
68,A,O,A -> B -> E -> H -> K -> M -> O,G,4.197622,Ya
68,A,O,A -> B -> E -> H -> K -> M -> O,H,4.197622,Ya
68,A,O,A -> B -> E -> H -> K -> M -> O,I,4.197622,Ya
68,A,O,A -> B -> E -> H -> K -> M -> O,J,4.197622,Ya
68,A,O,A -> B -> E -> H -> K -> M -> O,K,4.197622,Ya
68,A,O,A -> B -> E -> H -> K -> M -> O,L,4.197622,Ya
68,A,O,A -> B -> E -> H -> K -> M -> O,M,4.197622,Ya
68,A,O,A -> B -> E -> H -> K -> M -> O,N,4.197622,Ya
68,A,O,A -> B -> E -> H -> K -> M -> O,O,4.197622,Ya
69,A,O,A -> B -> E -> H -> K -> M -> O,A,4.197587,Ya
69,A,O,A -> B -> E -> H -> K -> M -> O,B,4.197587,Ya
69,A,O,A -> B -> E -> H -> K -> M -> O,C,4.197587,Ya
69,A,O,A -> B -> E -> H -> K -> M -> O,D,4.197587,Ya
69,A,O,A -> B -> E -> H -> K -> M -> O,E,4.197587,Ya
69,A,O,A -> B -> E -> H -> K -> M -> O,F,4.197587,Ya
69,A,O,A -> B -> E -> H -> K -> M -> O,G,4.197587,Ya
69,A,O,A -> B -> E -> H -> K -> M -> O,H,4.197587,Ya
69,A,O,A -> B -> E -> H -> K -> M -> O,I,4.197587,Ya
69,A,O,A -> B -> E -> H -> K -> M -> O,J,4.197587,Ya
69,A,O,A -> B -> E -> H -> K -> M -> O,K,4.197587,Ya
69,A,O,A -> B -> E -> H -> K -> M -> O,L,4.197587,Ya
69,A,O,A -> B -> E -> H -> K -> M -> O,M,4.197587,Ya
69,A,O,A -> B -> E -> H -> K -> M -> O,N,4.197587,Ya
69,A,O,A -> B -> E -> H -> K -> M -> O,O,4.197587,Ya
70,A,O,A -> B -> E -> H -> K -> M -> O,A,4.197552,Ya
70,A,O,A -> B -> E -> H -> K -> M -> O,B,4.197552,Ya
70,A,O,A -> B -> E -> H -> K -> M -> O,C,4.197552,Ya
70,A,O,A -> B -> E -> H -> K -> M -> O,D,4.197552,Ya
70,A,O,A -> B -> E -> H -> K -> M -> O,E,4.197552,Ya
70,A,O,A -> B -> E -> H -> K -> M -> O,F,4.197552,Ya
70,A,O,A -> B -> E -> H -> K -> M -> O,G,4.197552,Ya
70,A,O,A -> B -> E -> H -> K -> M -> O,H,4.197552,Ya
70,A,O,A -> B -> E -> H -> K -> M -> O,I,4.197552,Ya
70,A,O,A -> B -> E -> H -> K -> M -> O,J,4.197552,Ya
70,A,O,A -> B -> E -> H -> K -> M -> O,K,4.197552,Ya
70,A,O,A -> B -> E -> H -> K -> M -> O,L,4.197552,Ya
70,A,O,A -> B -> E -> H -> K -> M -> O,M,4.197552,Ya
70,A,O,A -> B -> E -> H -> K -> M -> O,N,4.197552,Ya
70,A,O,A -> B -> E -> H -> K -> M -> O,O,4.197552,Ya
71,A,O,A -> B -> E -> H -> K -> M -> O,A,4.197517,Ya
71,A,O,A -> B -> E -> H -> K -> M -> O,B,4.197517,Ya
71,A,O,A -> B -> E -> H -> K -> M -> O,C,4.197517,Ya
71,A,O,A -> B -> E -> H -> K -> M -> O,D,4.197517,Ya
71,A,O,A -> B -> E -> H -> K -> M -> O,E,4.197517,Ya
71,A,O,A -> B -> E -> H -> K -> M -> O,F,4.197517,Ya
71,A,O,A -> B -> E -> H -> K -> M -> O,G,4.197517,Ya
71,A,O,A -> B -> E -> H -> K -> M -> O,H,4.197517,Ya
71,A,O,A -> B -> E -> H -> K -> M -> O,I,4.197517,Ya
71,A,O,A -> B -> E -> H -> K -> M -> O,J,4.197517,Ya
71,A,O,A -> B -> E -> H -> K -> M -> O,K,4.197517,Ya
71,A,O,A -> B -> E -> H -> K -> M -> O,L,4.197517,Ya
71,A,O,A -> B -> E -> H -> K -> M -> O,M,4.197517,Ya
71,A,O,A -> B -> E -> H -> K -> M -> O,N,4.197517,Ya
71,A,O,A -> B -> E -> H -> K -> M -> O,O,4.197517,Ya
72,A,O,A -> B -> E -> H -> K -> M -> O,A,4.197483,Ya
72,A,O,A -> B -> E -> H -> K -> M -> O,B,4.197483,Ya
72,A,O,A -> B -> E -> H -> K -> M -> O,C,4.197483,Ya
72,A,O,A -> B -> E -> H -> K -> M -> O,D,4.197483,Ya
72,A,O,A -> B -> E -> H -> K -> M -> O,E,4.197483,Ya
72,A,O,A -> B -> E -> H -> K -> M -> O,F,4.197483,Ya
72,A,O,A -> B -> E -> H -> K -> M -> O,G,4.197483,Ya
72,A,O,A -> B -> E -> H -> K -> M -> O,H,4.197483,Ya
72,A,O,A -> B -> E -> H -> K -> M -> O,I,4.197483,Ya
72,A,O,A -> B -> E -> H -> K -> M -> O,J,4.197483,Ya
72,A,O,A -> B -> E -> H -> K -> M -> O,K,4.197483,Ya
72,A,O,A -> B -> E -> H -> K -> M -> O,L,4.197483,Ya
72,A,O,A -> B -> E -> H -> K -> M -> O,M,4.197483,Ya
72,A,O,A -> B -> E -> H -> K -> M -> O,N,4.197483,Ya
72,A,O,A -> B -> E -> H -> K -> M -> O,O,4.197483,Ya
73,A,O,A -> B -> E -> H -> K -> M -> O,A,4.197448,Ya
73,A,O,A -> B -> E -> H -> K -> M -> O,B,4.197448,Ya
73,A,O,A -> B -> E -> H -> K -> M -> O,C,4.197448,Ya
73,A,O,A -> B -> E -> H -> K -> M -> O,D,4.197448,Ya
73,A,O,A -> B -> E -> H -> K -> M -> O,E,4.197448,Ya
73,A,O,A -> B -> E -> H -> K -> M -> O,F,4.197448,Ya
73,A,O,A -> B -> E -> H -> K -> M -> O,G,4.197448,Ya
73,A,O,A -> B -> E -> H -> K -> M -> O,H,4.197448,Ya
73,A,O,A -> B -> E -> H -> K -> M -> O,I,4.197448,Ya
73,A,O,A -> B -> E -> H -> K -> M -> O,J,4.197448,Ya
73,A,O,A -> B -> E -> H -> K -> M -> O,K,4.197448,Ya
73,A,O,A -> B -> E -> H -> K -> M -> O,L,4.197448,Ya
73,A,O,A -> B -> E -> H -> K -> M -> O,M,4.197448,Ya
73,A,O,A -> B -> E -> H -> K -> M -> O,N,4.197448,Ya
73,A,O,A -> B -> E -> H -> K -> M -> O,O,4.197448,Ya
74,A,O,A -> B -> E -> H -> K -> M -> O,A,4.197413,Ya
74,A,O,A -> B -> E -> H -> K -> M -> O,B,4.197413,Ya
74,A,O,A -> B -> E -> H -> K -> M -> O,C,4.197413,Ya
74,A,O,A -> B -> E -> H -> K -> M -> O,D,4.197413,Ya
74,A,O,A -> B -> E -> H -> K -> M -> O,E,4.197413,Ya
74,A,O,A -> B -> E -> H -> K -> M -> O,F,4.197413,Ya
74,A,O,A -> B -> E -> H -> K -> M -> O,G,4.197413,Ya
74,A,O,A -> B -> E -> H -> K -> M -> O,H,4.197413,Ya
74,A,O,A -> B -> E -> H -> K -> M -> O,I,4.197413,Ya
74,A,O,A -> B -> E -> H -> K -> M -> O,J,4.197413,Ya
74,A,O,A -> B -> E -> H -> K -> M -> O,K,4.197413,Ya
74,A,O,A -> B -> E -> H -> K -> M -> O,L,4.197413,Ya
74,A,O,A -> B -> E -> H -> K -> M -> O,M,4.197413,Ya
74,A,O,A -> B -> E -> H -> K -> M -> O,N,4.197413,Ya
74,A,O,A -> B -> E -> H -> K -> M -> O,O,4.197413,Ya
75,A,O,A -> B -> E -> H -> K -> M -> O,A,4.197378,Ya
75,A,O,A -> B -> E -> H -> K -> M -> O,B,4.197378,Ya
75,A,O,A -> B -> E -> H -> K -> M -> O,C,4.197378,Ya
75,A,O,A -> B -> E -> H -> K -> M -> O,D,4.197378,Ya
75,A,O,A -> B -> E -> H -> K -> M -> O,E,4.197378,Ya
75,A,O,A -> B -> E -> H -> K -> M -> O,F,4.197378,Ya
75,A,O,A -> B -> E -> H -> K -> M -> O,G,4.197378,Ya
75,A,O,A -> B -> E -> H -> K -> M -> O,H,4.197378,Ya
75,A,O,A -> B -> E -> H -> K -> M -> O,I,4.197378,Ya
75,A,O,A -> B -> E -> H -> K -> M -> O,J,4.197378,Ya
75,A,O,A -> B -> E -> H -> K -> M -> O,K,4.197378,Ya
75,A,O,A -> B -> E -> H -> K -> M -> O,L,4.197378,Ya
75,A,O,A -> B -> E -> H -> K -> M -> O,M,4.197378,Ya
75,A,O,A -> B -> E -> H -> K -> M -> O,N,4.197378,Ya
75,A,O,A -> B -> E -> H -> K -> M -> O,O,4.197378,Ya
76,A,O,A -> B -> E -> H -> K -> M -> O,A,4.197343,Ya
76,A,O,A -> B -> E -> H -> K -> M -> O,B,4.197343,Ya
76,A,O,A -> B -> E -> H -> K -> M -> O,C,4.197343,Ya
76,A,O,A -> B -> E -> H -> K -> M -> O,D,4.197343,Ya
76,A,O,A -> B -> E -> H -> K -> M -> O,E,4.197343,Ya
76,A,O,A -> B -> E -> H -> K -> M -> O,F,4.197343,Ya
76,A,O,A -> B -> E -> H -> K -> M -> O,G,4.197343,Ya
76,A,O,A -> B -> E -> H -> K -> M -> O,H,4.197343,Ya
76,A,O,A -> B -> E -> H -> K -> M -> O,I,4.197343,Ya
76,A,O,A -> B -> E -> H -> K -> M -> O,J,4.197343,Ya
76,A,O,A -> B -> E -> H -> K -> M -> O,K,4.197343,Ya
76,A,O,A -> B -> E -> H -> K -> M -> O,L,4.197343,Ya
76,A,O,A -> B -> E -> H -> K -> M -> O,M,4.197343,Ya
76,A,O,A -> B -> E -> H -> K -> M -> O,N,4.197343,Ya
76,A,O,A -> B -> E -> H -> K -> M -> O,O,4.197343,Ya
77,A,O,A -> B -> E -> H -> K -> M -> O,A,4.197308,Ya
77,A,O,A -> B -> E -> H -> K -> M -> O,B,4.197308,Ya
77,A,O,A -> B -> E -> H -> K -> M -> O,C,4.197308,Ya
77,A,O,A -> B -> E -> H -> K -> M -> O,D,4.197308,Ya
77,A,O,A -> B -> E -> H -> K -> M -> O,E,4.197308,Ya
77,A,O,A -> B -> E -> H -> K -> M -> O,F,4.197308,Ya
77,A,O,A -> B -> E -> H -> K -> M -> O,G,4.197308,Ya
77,A,O,A -> B -> E -> H -> K -> M -> O,H,4.197308,Ya
77,A,O,A -> B -> E -> H -> K -> M -> O,I,4.197308,Ya
77,A,O,A -> B -> E -> H -> K -> M -> O,J,4.197308,Ya
77,A,O,A -> B -> E -> H -> K -> M -> O,K,4.197308,Ya
77,A,O,A -> B -> E -> H -> K -> M -> O,L,4.197308,Ya
77,A,O,A -> B -> E -> H -> K -> M -> O,M,4.197308,Ya
77,A,O,A -> B -> E -> H -> K -> M -> O,N,4.197308,Ya
77,A,O,A -> B -> E -> H -> K -> M -> O,O,4.197308,Ya
78,A,O,A -> B -> E -> H -> K -> M -> O,A,4.197273,Ya
78,A,O,A -> B -> E -> H -> K -> M -> O,B,4.197273,Ya
78,A,O,A -> B -> E -> H -> K -> M -> O,C,4.197273,Ya
78,A,O,A -> B -> E -> H -> K -> M -> O,D,4.197273,Ya
78,A,O,A -> B -> E -> H -> K -> M -> O,E,4.197273,Ya
78,A,O,A -> B -> E -> H -> K -> M -> O,F,4.197273,Ya
78,A,O,A -> B -> E -> H -> K -> M -> O,G,4.197273,Ya
78,A,O,A -> B -> E -> H -> K -> M -> O,H,4.197273,Ya
78,A,O,A -> B -> E -> H -> K -> M -> O,I,4.197273,Ya
78,A,O,A -> B -> E -> H -> K -> M -> O,J,4.197273,Ya
78,A,O,A -> B -> E -> H -> K -> M -> O,K,4.197273,Ya
78,A,O,A -> B -> E -> H -> K -> M -> O,L,4.197273,Ya
78,A,O,A -> B -> E -> H -> K -> M -> O,M,4.197273,Ya
78,A,O,A -> B -> E -> H -> K -> M -> O,N,4.197273,Ya
78,A,O,A -> B -> E -> H -> K -> M -> O,O,4.197273,Ya
79,A,O,A -> B -> E -> H -> K -> M -> O,A,4.197238,Ya
79,A,O,A -> B -> E -> H -> K -> M -> O,B,4.197238,Ya
79,A,O,A -> B -> E -> H -> K -> M -> O,C,4.197238,Ya
79,A,O,A -> B -> E -> H -> K -> M -> O,D,4.197238,Ya
79,A,O,A -> B -> E -> H -> K -> M -> O,E,4.197238,Ya
79,A,O,A -> B -> E -> H -> K -> M -> O,F,4.197238,Ya
79,A,O,A -> B -> E -> H -> K -> M -> O,G,4.197238,Ya
79,A,O,A -> B -> E -> H -> K -> M -> O,H,4.197238,Ya
79,A,O,A -> B -> E -> H -> K -> M -> O,I,4.197238,Ya
79,A,O,A -> B -> E -> H -> K -> M -> O,J,4.197238,Ya
79,A,O,A -> B -> E -> H -> K -> M -> O,K,4.197238,Ya
79,A,O,A -> B -> E -> H -> K -> M -> O,L,4.197238,Ya
79,A,O,A -> B -> E -> H -> K -> M -> O,M,4.197238,Ya
79,A,O,A -> B -> E -> H -> K -> M -> O,N,4.197238,Ya
79,A,O,A -> B -> E -> H -> K -> M -> O,O,4.197238,Ya
80,A,O,A -> B -> E -> H -> K -> M -> O,A,4.197203,Ya
80,A,O,A -> B -> E -> H -> K -> M -> O,B,4.197203,Ya
80,A,O,A -> B -> E -> H -> K -> M -> O,C,4.197203,Ya
80,A,O,A -> B -> E -> H -> K -> M -> O,D,4.197203,Ya
80,A,O,A -> B -> E -> H -> K -> M -> O,E,4.197203,Ya
80,A,O,A -> B -> E -> H -> K -> M -> O,F,4.197203,Ya
80,A,O,A -> B -> E -> H -> K -> M -> O,G,4.197203,Ya
80,A,O,A -> B -> E -> H -> K -> M -> O,H,4.197203,Ya
80,A,O,A -> B -> E -> H -> K -> M -> O,I,4.197203,Ya
80,A,O,A -> B -> E -> H -> K -> M -> O,J,4.197203,Ya
80,A,O,A -> B -> E -> H -> K -> M -> O,K,4.197203,Ya
80,A,O,A -> B -> E -> H -> K -> M -> O,L,4.197203,Ya
80,A,O,A -> B -> E -> H -> K -> M -> O,M,4.197203,Ya
80,A,O,A -> B -> E -> H -> K -> M -> O,N,4.197203,Ya
80,A,O,A -> B -> E -> H -> K -> M -> O,O,4.197203,Ya
81,A,O,A -> B -> E -> H -> K -> M -> O,A,4.197168,Ya
81,A,O,A -> B -> E -> H -> K -> M -> O,B,4.197168,Ya
81,A,O,A -> B -> E -> H -> K -> M -> O,C,4.197168,Ya
81,A,O,A -> B -> E -> H -> K -> M -> O,D,4.197168,Ya
81,A,O,A -> B -> E -> H -> K -> M -> O,E,4.197168,Ya
81,A,O,A -> B -> E -> H -> K -> M -> O,F,4.197168,Ya
81,A,O,A -> B -> E -> H -> K -> M -> O,G,4.197168,Ya
81,A,O,A -> B -> E -> H -> K -> M -> O,H,4.197168,Ya
81,A,O,A -> B -> E -> H -> K -> M -> O,I,4.197168,Ya
81,A,O,A -> B -> E -> H -> K -> M -> O,J,4.197168,Ya
81,A,O,A -> B -> E -> H -> K -> M -> O,K,4.197168,Ya
81,A,O,A -> B -> E -> H -> K -> M -> O,L,4.197168,Ya
81,A,O,A -> B -> E -> H -> K -> M -> O,M,4.197168,Ya
81,A,O,A -> B -> E -> H -> K -> M -> O,N,4.197168,Ya
81,A,O,A -> B -> E -> H -> K -> M -> O,O,4.197168,Ya
82,A,O,A -> B -> E -> H -> K -> M -> O,A,4.197133,Ya
82,A,O,A -> B -> E -> H -> K -> M -> O,B,4.197133,Ya
82,A,O,A -> B -> E -> H -> K -> M -> O,C,4.197133,Ya
82,A,O,A -> B -> E -> H -> K -> M -> O,D,4.197133,Ya
82,A,O,A -> B -> E -> H -> K -> M -> O,E,4.197133,Ya
82,A,O,A -> B -> E -> H -> K -> M -> O,F,4.197133,Ya
82,A,O,A -> B -> E -> H -> K -> M -> O,G,4.197133,Ya
82,A,O,A -> B -> E -> H -> K -> M -> O,H,4.197133,Ya
82,A,O,A -> B -> E -> H -> K -> M -> O,I,4.197133,Ya
82,A,O,A -> B -> E -> H -> K -> M -> O,J,4.197133,Ya
82,A,O,A -> B -> E -> H -> K -> M -> O,K,4.197133,Ya
82,A,O,A -> B -> E -> H -> K -> M -> O,L,4.197133,Ya
82,A,O,A -> B -> E -> H -> K -> M -> O,M,4.197133,Ya
82,A,O,A -> B -> E -> H -> K -> M -> O,N,4.197133,Ya
82,A,O,A -> B -> E -> H -> K -> M -> O,O,4.197133,Ya
83,A,O,A -> B -> E -> H -> K -> M -> O,A,4.197098,Ya
83,A,O,A -> B -> E -> H -> K -> M -> O,B,4.197098,Ya
83,A,O,A -> B -> E -> H -> K -> M -> O,C,4.197098,Ya
83,A,O,A -> B -> E -> H -> K -> M -> O,D,4.197098,Ya
83,A,O,A -> B -> E -> H -> K -> M -> O,E,4.197098,Ya
83,A,O,A -> B -> E -> H -> K -> M -> O,F,4.197098,Ya
83,A,O,A -> B -> E -> H -> K -> M -> O,G,4.197098,Ya
83,A,O,A -> B -> E -> H -> K -> M -> O,H,4.197098,Ya
83,A,O,A -> B -> E -> H -> K -> M -> O,I,4.197098,Ya
83,A,O,A -> B -> E -> H -> K -> M -> O,J,4.197098,Ya
83,A,O,A -> B -> E -> H -> K -> M -> O,K,4.197098,Ya
83,A,O,A -> B -> E -> H -> K -> M -> O,L,4.197098,Ya
83,A,O,A -> B -> E -> H -> K -> M -> O,M,4.197098,Ya
83,A,O,A -> B -> E -> H -> K -> M -> O,N,4.197098,Ya
83,A,O,A -> B -> E -> H -> K -> M -> O,O,4.197098,Ya
84,A,O,A -> B -> E -> H -> K -> M -> O,A,4.197063,Ya
84,A,O,A -> B -> E -> H -> K -> M -> O,B,4.197063,Ya
84,A,O,A -> B -> E -> H -> K -> M -> O,C,4.197063,Ya
84,A,O,A -> B -> E -> H -> K -> M -> O,D,4.197063,Ya
84,A,O,A -> B -> E -> H -> K -> M -> O,E,4.197063,Ya
84,A,O,A -> B -> E -> H -> K -> M -> O,F,4.197063,Ya
84,A,O,A -> B -> E -> H -> K -> M -> O,G,4.197063,Ya
84,A,O,A -> B -> E -> H -> K -> M -> O,H,4.197063,Ya
84,A,O,A -> B -> E -> H -> K -> M -> O,I,4.197063,Ya
84,A,O,A -> B -> E -> H -> K -> M -> O,J,4.197063,Ya
84,A,O,A -> B -> E -> H -> K -> M -> O,K,4.197063,Ya
84,A,O,A -> B -> E -> H -> K -> M -> O,L,4.197063,Ya
84,A,O,A -> B -> E -> H -> K -> M -> O,M,4.197063,Ya
84,A,O,A -> B -> E -> H -> K -> M -> O,N,4.197063,Ya
84,A,O,A -> B -> E -> H -> K -> M -> O,O,4.197063,Ya
85,A,O,A -> B -> E -> H -> K -> M -> O,A,4.197028,Ya
85,A,O,A -> B -> E -> H -> K -> M -> O,B,4.197028,Ya
85,A,O,A -> B -> E -> H -> K -> M -> O,C,4.197028,Ya
85,A,O,A -> B -> E -> H -> K -> M -> O,D,4.197028,Ya
85,A,O,A -> B -> E -> H -> K -> M -> O,E,4.197028,Ya
85,A,O,A -> B -> E -> H -> K -> M -> O,F,4.197028,Ya
85,A,O,A -> B -> E -> H -> K -> M -> O,G,4.197028,Ya
85,A,O,A -> B -> E -> H -> K -> M -> O,H,4.197028,Ya
85,A,O,A -> B -> E -> H -> K -> M -> O,I,4.197028,Ya
85,A,O,A -> B -> E -> H -> K -> M -> O,J,4.197028,Ya
85,A,O,A -> B -> E -> H -> K -> M -> O,K,4.197028,Ya
85,A,O,A -> B -> E -> H -> K -> M -> O,L,4.197028,Ya
85,A,O,A -> B -> E -> H -> K -> M -> O,M,4.197028,Ya
85,A,O,A -> B -> E -> H -> K -> M -> O,N,4.197028,Ya
85,A,O,A -> B -> E -> H -> K -> M -> O,O,4.197028,Ya
86,A,O,A -> B -> E -> H -> K -> M -> O,A,4.196993,Ya
86,A,O,A -> B -> E -> H -> K -> M -> O,B,4.196993,Ya
86,A,O,A -> B -> E -> H -> K -> M -> O,C,4.196993,Ya
86,A,O,A -> B -> E -> H -> K -> M -> O,D,4.196993,Ya
86,A,O,A -> B -> E -> H -> K -> M -> O,E,4.196993,Ya
86,A,O,A -> B -> E -> H -> K -> M -> O,F,4.196993,Ya
86,A,O,A -> B -> E -> H -> K -> M -> O,G,4.196993,Ya
86,A,O,A -> B -> E -> H -> K -> M -> O,H,4.196993,Ya
86,A,O,A -> B -> E -> H -> K -> M -> O,I,4.196993,Ya
86,A,O,A -> B -> E -> H -> K -> M -> O,J,4.196993,Ya
86,A,O,A -> B -> E -> H -> K -> M -> O,K,4.196993,Ya
86,A,O,A -> B -> E -> H -> K -> M -> O,L,4.196993,Ya
86,A,O,A -> B -> E -> H -> K -> M -> O,M,4.196993,Ya
86,A,O,A -> B -> E -> H -> K -> M -> O,N,4.196993,Ya
86,A,O,A -> B -> E -> H -> K -> M -> O,O,4.196993,Ya
87,A,O,A -> B -> E -> H -> K -> M -> O,A,4.196958,Ya
87,A,O,A -> B -> E -> H -> K -> M -> O,B,4.196958,Ya
87,A,O,A -> B -> E -> H -> K -> M -> O,C,4.196958,Ya
87,A,O,A -> B -> E -> H -> K -> M -> O,D,4.196958,Ya
87,A,O,A -> B -> E -> H -> K -> M -> O,E,4.196958,Ya
87,A,O,A -> B -> E -> H -> K -> M -> O,F,4.196958,Ya
87,A,O,A -> B -> E -> H -> K -> M -> O,G,4.196958,Ya
87,A,O,A -> B -> E -> H -> K -> M -> O,H,4.196958,Ya
87,A,O,A -> B -> E -> H -> K -> M -> O,I,4.196958,Ya
87,A,O,A -> B -> E -> H -> K -> M -> O,J,4.196958,Ya
87,A,O,A -> B -> E -> H -> K -> M -> O,K,4.196958,Ya
87,A,O,A -> B -> E -> H -> K -> M -> O,L,4.196958,Ya
87,A,O,A -> B -> E -> H -> K -> M -> O,M,4.196958,Ya
87,A,O,A -> B -> E -> H -> K -> M -> O,N,4.196958,Ya
87,A,O,A -> B -> E -> H -> K -> M -> O,O,4.196958,Ya
88,A,O,A -> B -> E -> H -> K -> M -> O,A,4.196923,Ya
88,A,O,A -> B -> E -> H -> K -> M -> O,B,4.196923,Ya
88,A,O,A -> B -> E -> H -> K -> M -> O,C,4.196923,Ya
88,A,O,A -> B -> E -> H -> K -> M -> O,D,4.196923,Ya
88,A,O,A -> B -> E -> H -> K -> M -> O,E,4.196923,Ya
88,A,O,A -> B -> E -> H -> K -> M -> O,F,4.196923,Ya
88,A,O,A -> B -> E -> H -> K -> M -> O,G,4.196923,Ya
88,A,O,A -> B -> E -> H -> K -> M -> O,H,4.196923,Ya
88,A,O,A -> B -> E -> H -> K -> M -> O,I,4.196923,Ya
88,A,O,A -> B -> E -> H -> K -> M -> O,J,4.196923,Ya
88,A,O,A -> B -> E -> H -> K -> M -> O,K,4.196923,Ya
88,A,O,A -> B -> E -> H -> K -> M -> O,L,4.196923,Ya
88,A,O,A -> B -> E -> H -> K -> M -> O,M,4.196923,Ya
88,A,O,A -> B -> E -> H -> K -> M -> O,N,4.196923,Ya
88,A,O,A -> B -> E -> H -> K -> M -> O,O,4.196923,Ya
89,A,O,A -> B -> E -> H -> K -> M -> O,A,4.196888,Ya
89,A,O,A -> B -> E -> H -> K -> M -> O,B,4.196888,Ya
89,A,O,A -> B -> E -> H -> K -> M -> O,C,4.196888,Ya
89,A,O,A -> B -> E -> H -> K -> M -> O,D,4.196888,Ya
89,A,O,A -> B -> E -> H -> K -> M -> O,E,4.196888,Ya
89,A,O,A -> B -> E -> H -> K -> M -> O,F,4.196888,Ya
89,A,O,A -> B -> E -> H -> K -> M -> O,G,4.196888,Ya
89,A,O,A -> B -> E -> H -> K -> M -> O,H,4.196888,Ya
89,A,O,A -> B -> E -> H -> K -> M -> O,I,4.196888,Ya
89,A,O,A -> B -> E -> H -> K -> M -> O,J,4.196888,Ya
89,A,O,A -> B -> E -> H -> K -> M -> O,K,4.196888,Ya
89,A,O,A -> B -> E -> H -> K -> M -> O,L,4.196888,Ya
89,A,O,A -> B -> E -> H -> K -> M -> O,M,4.196888,Ya
89,A,O,A -> B -> E -> H -> K -> M -> O,N,4.196888,Ya
89,A,O,A -> B -> E -> H -> K -> M -> O,O,4.196888,Ya
90,A,O,A -> B -> E -> H -> K -> M -> O,A,4.196853,Ya
90,A,O,A -> B -> E -> H -> K -> M -> O,B,4.196853,Ya
90,A,O,A -> B -> E -> H -> K -> M -> O,C,4.196853,Ya
90,A,O,A -> B -> E -> H -> K -> M -> O,D,4.196853,Ya
90,A,O,A -> B -> E -> H -> K -> M -> O,E,4.196853,Ya
90,A,O,A -> B -> E -> H -> K -> M -> O,F,4.196853,Ya
90,A,O,A -> B -> E -> H -> K -> M -> O,G,4.196853,Ya
90,A,O,A -> B -> E -> H -> K -> M -> O,H,4.196853,Ya
90,A,O,A -> B -> E -> H -> K -> M -> O,I,4.196853,Ya
90,A,O,A -> B -> E -> H -> K -> M -> O,J,4.196853,Ya
90,A,O,A -> B -> E -> H -> K -> M -> O,K,4.196853,Ya
90,A,O,A -> B -> E -> H -> K -> M -> O,L,4.196853,Ya
90,A,O,A -> B -> E -> H -> K -> M -> O,M,4.196853,Ya
90,A,O,A -> B -> E -> H -> K -> M -> O,N,4.196853,Ya
90,A,O,A -> B -> E -> H -> K -> M -> O,O,4.196853,Ya
91,A,O,A -> B -> E -> H -> K -> M -> O,A,4.196818,Ya
91,A,O,A -> B -> E -> H -> K -> M -> O,B,4.196818,Ya
91,A,O,A -> B -> E -> H -> K -> M -> O,C,4.196818,Ya
91,A,O,A -> B -> E -> H -> K -> M -> O,D,4.196818,Ya
91,A,O,A -> B -> E -> H -> K -> M -> O,E,4.196818,Ya
91,A,O,A -> B -> E -> H -> K -> M -> O,F,4.196818,Ya
91,A,O,A -> B -> E -> H -> K -> M -> O,G,4.196818,Ya
91,A,O,A -> B -> E -> H -> K -> M -> O,H,4.196818,Ya
91,A,O,A -> B -> E -> H -> K -> M -> O,I,4.196818,Ya
91,A,O,A -> B -> E -> H -> K -> M -> O,J,4.196818,Ya
91,A,O,A -> B -> E -> H -> K -> M -> O,K,4.196818,Ya
91,A,O,A -> B -> E -> H -> K -> M -> O,L,4.196818,Ya
91,A,O,A -> B -> E -> H -> K -> M -> O,M,4.196818,Ya
91,A,O,A -> B -> E -> H -> K -> M -> O,N,4.196818,Ya
91,A,O,A -> B -> E -> H -> K -> M -> O,O,4.196818,Ya
92,A,O,A -> B -> E -> H -> K -> M -> O,A,4.196783,Ya
92,A,O,A -> B -> E -> H -> K -> M -> O,B,4.196783,Ya
92,A,O,A -> B -> E -> H -> K -> M -> O,C,4.196783,Ya
92,A,O,A -> B -> E -> H -> K -> M -> O,D,4.196783,Ya
92,A,O,A -> B -> E -> H -> K -> M -> O,E,4.196783,Ya
92,A,O,A -> B -> E -> H -> K -> M -> O,F,4.196783,Ya
92,A,O,A -> B -> E -> H -> K -> M -> O,G,4.196783,Ya
92,A,O,A -> B -> E -> H -> K -> M -> O,H,4.196783,Ya
92,A,O,A -> B -> E -> H -> K -> M -> O,I,4.196783,Ya
92,A,O,A -> B -> E -> H -> K -> M -> O,J,4.196783,Ya
92,A,O,A -> B -> E -> H -> K -> M -> O,K,4.196783,Ya
92,A,O,A -> B -> E -> H -> K -> M -> O,L,4.196783,Ya
92,A,O,A -> B -> E -> H -> K -> M -> O,M,4.196783,Ya
92,A,O,A -> B -> E -> H -> K -> M -> O,N,4.196783,Ya
92,A,O,A -> B -> E -> H -> K -> M -> O,O,4.196783,Ya
93,A,O,A -> B -> E -> H -> K -> M -> O,A,4.196748,Ya
93,A,O,A -> B -> E -> H -> K -> M -> O,B,4.196748,Ya
93,A,O,A -> B -> E -> H -> K -> M -> O,C,4.196748,Ya
93,A,O,A -> B -> E -> H -> K -> M -> O,D,4.196748,Ya
93,A,O,A -> B -> E -> H -> K -> M -> O,E,4.196748,Ya
93,A,O,A -> B -> E -> H -> K -> M -> O,F,4.196748,Ya
93,A,O,A -> B -> E -> H -> K -> M -> O,G,4.196748,Ya
93,A,O,A -> B -> E -> H -> K -> M -> O,H,4.196748,Ya
93,A,O,A -> B -> E -> H -> K -> M -> O,I,4.196748,Ya
93,A,O,A -> B -> E -> H -> K -> M -> O,J,4.196748,Ya
93,A,O,A -> B -> E -> H -> K -> M -> O,K,4.196748,Ya
93,A,O,A -> B -> E -> H -> K -> M -> O,L,4.196748,Ya
93,A,O,A -> B -> E -> H -> K -> M -> O,M,4.196748,Ya
93,A,O,A -> B -> E -> H -> K -> M -> O,N,4.196748,Ya
93,A,O,A -> B -> E -> H -> K -> M -> O,O,4.196748,Ya
94,A,O,A -> B -> E -> H -> K -> M -> O,A,4.196713,Ya
94,A,O,A -> B -> E -> H -> K -> M -> O,B,4.196713,Ya
94,A,O,A -> B -> E -> H -> K -> M -> O,C,4.196713,Ya
94,A,O,A -> B -> E -> H -> K -> M -> O,D,4.196713,Ya
94,A,O,A -> B -> E -> H -> K -> M -> O,E,4.196713,Ya
94,A,O,A -> B -> E -> H -> K -> M -> O,F,4.196713,Ya
94,A,O,A -> B -> E -> H -> K -> M -> O,G,4.196713,Ya
94,A,O,A -> B -> E -> H -> K -> M -> O,H,4.196713,Ya
94,A,O,A -> B -> E -> H -> K -> M -> O,I,4.196713,Ya
94,A,O,A -> B -> E -> H -> K -> M -> O,J,4.196713,Ya
94,A,O,A -> B -> E -> H -> K -> M -> O,K,4.196713,Ya
94,A,O,A -> B -> E -> H -> K -> M -> O,L,4.196713,Ya
94,A,O,A -> B -> E -> H -> K -> M -> O,M,4.196713,Ya
94,A,O,A -> B -> E -> H -> K -> M -> O,N,4.196713,Ya
94,A,O,A -> B -> E -> H -> K -> M -> O,O,4.196713,Ya
95,A,O,A -> B -> E -> H -> K -> M -> O,A,4.196678,Ya
95,A,O,A -> B -> E -> H -> K -> M -> O,B,4.196678,Ya
95,A,O,A -> B -> E -> H -> K -> M -> O,C,4.196678,Ya
95,A,O,A -> B -> E -> H -> K -> M -> O,D,4.196678,Ya
95,A,O,A -> B -> E -> H -> K -> M -> O,E,4.196678,Ya
95,A,O,A -> B -> E -> H -> K -> M -> O,F,4.196678,Ya
95,A,O,A -> B -> E -> H -> K -> M -> O,G,4.196678,Ya
95,A,O,A -> B -> E -> H -> K -> M -> O,H,4.196678,Ya
95,A,O,A -> B -> E -> H -> K -> M -> O,I,4.196678,Ya
95,A,O,A -> B -> E -> H -> K -> M -> O,J,4.196678,Ya
95,A,O,A -> B -> E -> H -> K -> M -> O,K,4.196678,Ya
95,A,O,A -> B -> E -> H -> K -> M -> O,L,4.196678,Ya
95,A,O,A -> B -> E -> H -> K -> M -> O,M,4.196678,Ya
95,A,O,A -> B -> E -> H -> K -> M -> O,N,4.196678,Ya
95,A,O,A -> B -> E -> H -> K -> M -> O,O,4.196678,Ya
96,A,O,A -> B -> E -> H -> K -> M -> O,A,4.196643,Ya
96,A,O,A -> B -> E -> H -> K -> M -> O,B,4.196643,Ya
96,A,O,A -> B -> E -> H -> K -> M -> O,C,4.196643,Ya
96,A,O,A -> B -> E -> H -> K -> M -> O,D,4.196643,Ya
96,A,O,A -> B -> E -> H -> K -> M -> O,E,4.196643,Ya
96,A,O,A -> B -> E -> H -> K -> M -> O,F,4.196643,Ya
96,A,O,A -> B -> E -> H -> K -> M -> O,G,4.196643,Ya
96,A,O,A -> B -> E -> H -> K -> M -> O,H,4.196643,Ya
96,A,O,A -> B -> E -> H -> K -> M -> O,I,4.196643,Ya
96,A,O,A -> B -> E -> H -> K -> M -> O,J,4.196643,Ya
96,A,O,A -> B -> E -> H -> K -> M -> O,K,4.196643,Ya
96,A,O,A -> B -> E -> H -> K -> M -> O,L,4.196643,Ya
96,A,O,A -> B -> E -> H -> K -> M -> O,M,4.196643,Ya
96,A,O,A -> B -> E -> H -> K -> M -> O,N,4.196643,Ya
96,A,O,A -> B -> E -> H -> K -> M -> O,O,4.196643,Ya
97,A,O,A -> B -> E -> H -> K -> M -> O,A,4.196608,Ya
97,A,O,A -> B -> E -> H -> K -> M -> O,B,4.196608,Ya
97,A,O,A -> B -> E -> H -> K -> M -> O,C,4.196608,Ya
97,A,O,A -> B -> E -> H -> K -> M -> O,D,4.196608,Ya
97,A,O,A -> B -> E -> H -> K -> M -> O,E,4.196608,Ya
97,A,O,A -> B -> E -> H -> K -> M -> O,F,4.196608,Ya
97,A,O,A -> B -> E -> H -> K -> M -> O,G,4.196608,Ya
97,A,O,A -> B -> E -> H -> K -> M -> O,H,4.196608,Ya
97,A,O,A -> B -> E -> H -> K -> M -> O,I,4.196608,Ya
97,A,O,A -> B -> E -> H -> K -> M -> O,J,4.196608,Ya
97,A,O,A -> B -> E -> H -> K -> M -> O,K,4.196608,Ya
97,A,O,A -> B -> E -> H -> K -> M -> O,L,4.196608,Ya
97,A,O,A -> B -> E -> H -> K -> M -> O,M,4.196608,Ya
97,A,O,A -> B -> E -> H -> K -> M -> O,N,4.196608,Ya
97,A,O,A -> B -> E -> H -> K -> M -> O,O,4.196608,Ya
98,A,O,A -> B -> E -> H -> K -> M -> O,A,4.196573,Ya
98,A,O,A -> B -> E -> H -> K -> M -> O,B,4.196573,Ya
98,A,O,A -> B -> E -> H -> K -> M -> O,C,4.196573,Ya
98,A,O,A -> B -> E -> H -> K -> M -> O,D,4.196573,Ya
98,A,O,A -> B -> E -> H -> K -> M -> O,E,4.196573,Ya
98,A,O,A -> B -> E -> H -> K -> M -> O,F,4.196573,Ya
98,A,O,A -> B -> E -> H -> K -> M -> O,G,4.196573,Ya
98,A,O,A -> B -> E -> H -> K -> M -> O,H,4.196573,Ya
98,A,O,A -> B -> E -> H -> K -> M -> O,I,4.196573,Ya
98,A,O,A -> B -> E -> H -> K -> M -> O,J,4.196573,Ya
98,A,O,A -> B -> E -> H -> K -> M -> O,K,4.196573,Ya
98,A,O,A -> B -> E -> H -> K -> M -> O,L,4.196573,Ya
98,A,O,A -> B -> E -> H -> K -> M -> O,M,4.196573,Ya
98,A,O,A -> B -> E -> H -> K -> M -> O,N,4.196573,Ya
98,A,O,A -> B -> E -> H -> K -> M -> O,O,4.196573,Ya
